DATE_ID,AMOUNT,PASSENGER_COUNT,DISTANCE,TRIPS,DATE_ID_1,TRANSACTION_DATE,YEAR,MON_YEAR,YEAR_MON_NUM,QTR_NUM,QTR_YEAR,MON_NUM,MON_LONG_NAME,MON_SHORT_NAME,WK_NUM,DAY_OF_YEAR,DAY_OF_MON,DAY_OF_WEEK,DAY_LONG_NAME,DAY_SHORT_NAME,AVG_TEMP,DAY,RAIN,SNOW,DATE_ID_2,DAYNUM
1012017,84371.43,492666,961701.1,281263,1012017,01-01-17,2017,Jan-2017,201701,1,Q1-2017,1,January,Jan,1,1,1,1,Sunday,Sun,44.6,01-01-2017,0,0,1012017,1
2012017,67472.13,382771,737042.6,224893,2012017,02-01-17,2017,Jan-2017,201701,1,Q1-2017,1,January,Jan,1,2,2,2,Monday,Mon,37.4,02-01-2017,1,0,2012017,2
3012017,83273.125,452785,802060.4,278099,3012017,03-01-17,2017,Jan-2017,201701,1,Q1-2017,1,January,Jan,1,3,3,3,Tuesday,Tue,41,03-01-2017,1,0,3012017,3
4012017,86625.34,468784,823769.94,289301,4012017,04-01-17,2017,Jan-2017,201701,1,Q1-2017,1,January,Jan,1,4,4,4,Wednesday,Wed,44.6,04-01-2017,0,0,4012017,4
5012017,97277.32,522893,870761.7,324421,5012017,05-01-17,2017,Jan-2017,201701,1,Q1-2017,1,January,Jan,1,5,5,5,Thursday,Thu,30.2,05-01-2017,0,0,5012017,5
6012017,102259.33,555502,897524,340685,6012017,06-01-17,2017,Jan-2017,201701,1,Q1-2017,1,January,Jan,1,6,6,6,Friday,Fri,28.4,06-01-2017,0,1,6012017,6
7012017,91660.5,518628,793996.94,305981,7012017,07-01-17,2017,Jan-2017,201701,1,Q1-2017,1,January,Jan,1,7,7,7,Saturday,Sat,23,07-01-2017,0,1,7012017,7
8012017,87278.19,485703,899919,290932,8012017,08-01-17,2017,Jan-2017,201701,1,Q1-2017,1,January,Jan,2,8,8,1,Sunday,Sun,21.2,08-01-2017,0,0,8012017,8
9012017,90602.02,478630,877183.56,301996,9012017,09-01-17,2017,Jan-2017,201701,1,Q1-2017,1,January,Jan,2,9,9,2,Monday,Mon,19.4,09-01-2017,0,0,9012017,9
10012017,91566.445,484670,835369.06,305921,10012017,10-01-17,2017,Jan-2017,201701,1,Q1-2017,1,January,Jan,2,10,10,3,Tuesday,Tue,33.8,10-01-2017,0,0,10012017,10
11012017,95483.22,505161,868788.6,318251,11012017,11-01-17,2017,Jan-2017,201701,1,Q1-2017,1,January,Jan,2,11,11,4,Wednesday,Wed,46.4,11-01-2017,1,0,11012017,11
12012017,98095,518003,930873.9,326800,12012017,12-01-17,2017,Jan-2017,201701,1,Q1-2017,1,January,Jan,2,12,12,5,Thursday,Thu,57.2,12-01-2017,1,0,12012017,12
13012017,103519.89,555712,984110.5,344881,13012017,13-01-17,2017,Jan-2017,201701,1,Q1-2017,1,January,Jan,2,13,13,6,Friday,Fri,46.4,13-01-2017,0,0,13012017,13
14012017,102676.64,575488,928982.5,342169,14012017,14-01-17,2017,Jan-2017,201701,1,Q1-2017,1,January,Jan,2,14,14,7,Saturday,Sat,30.2,14-01-2017,0,1,14012017,14
15012017,92114.555,515601,905528.94,307444,15012017,15-01-17,2017,Jan-2017,201701,1,Q1-2017,1,January,Jan,3,15,15,1,Sunday,Sun,33.8,15-01-2017,0,0,15012017,15
16012017,78015.42,426846,807000,260194,16012017,16-01-17,2017,Jan-2017,201701,1,Q1-2017,1,January,Jan,3,16,16,2,Monday,Mon,37.4,16-01-2017,0,0,16012017,16
17012017,97063.805,517449,889664.75,324211,17012017,17-01-17,2017,Jan-2017,201701,1,Q1-2017,1,January,Jan,3,17,17,3,Tuesday,Tue,39.2,17-01-2017,1,0,17012017,17
18012017,97284.68,517081,902162.3,324350,18012017,18-01-17,2017,Jan-2017,201701,1,Q1-2017,1,January,Jan,3,18,18,4,Wednesday,Wed,39.2,18-01-2017,1,0,18012017,18
19012017,99673.414,528947,931944,332425,19012017,19-01-17,2017,Jan-2017,201701,1,Q1-2017,1,January,Jan,3,19,19,5,Thursday,Thu,44.6,19-01-2017,0,0,19012017,19
20012017,102513.484,549505,934617.4,341519,20012017,20-01-17,2017,Jan-2017,201701,1,Q1-2017,1,January,Jan,3,20,20,6,Friday,Fri,42.8,20-01-2017,1,0,20012017,20
21012017,98759.13,554090,878142.5,329071,21012017,21-01-17,2017,Jan-2017,201701,1,Q1-2017,1,January,Jan,3,21,21,7,Saturday,Sat,44.6,21-01-2017,0,0,21012017,21
22012017,87607.59,490556,891501.9,292046,22012017,22-01-17,2017,Jan-2017,201701,1,Q1-2017,1,January,Jan,4,22,22,1,Sunday,Sun,46.4,22-01-2017,1,0,22012017,22
23012017,88058.766,467320,796211.8,293800,23012017,23-01-17,2017,Jan-2017,201701,1,Q1-2017,1,January,Jan,4,23,23,2,Monday,Mon,39.2,23-01-2017,1,0,23012017,23
24012017,95977.305,511279,823943.25,320952,24012017,24-01-17,2017,Jan-2017,201701,1,Q1-2017,1,January,Jan,4,24,24,3,Tuesday,Tue,37.4,24-01-2017,1,0,24012017,24
25012017,97268.41,517411,891184.3,325233,25012017,25-01-17,2017,Jan-2017,201701,1,Q1-2017,1,January,Jan,4,25,25,4,Wednesday,Wed,44.6,25-01-2017,0,0,25012017,25
26012017,102561.94,547376,949200,342795,26012017,26-01-17,2017,Jan-2017,201701,1,Q1-2017,1,January,Jan,4,26,26,5,Thursday,Thu,50,26-01-2017,1,0,26012017,26
27012017,108884.09,586702,981358.3,363905,27012017,27-01-17,2017,Jan-2017,201701,1,Q1-2017,1,January,Jan,4,27,27,6,Friday,Fri,39.2,27-01-2017,0,0,27012017,27
28012017,110206.73,622061,951835.3,368391,28012017,28-01-17,2017,Jan-2017,201701,1,Q1-2017,1,January,Jan,4,28,28,7,Saturday,Sat,37.4,28-01-2017,0,0,28012017,28
29012017,91646.055,510899,921582.5,305725,29012017,29-01-17,2017,Jan-2017,201701,1,Q1-2017,1,January,Jan,5,29,29,1,Sunday,Sun,39.2,29-01-2017,0,0,29012017,29
30012017,86668.07,459946,829935.9,289093,30012017,30-01-17,2017,Jan-2017,201701,1,Q1-2017,1,January,Jan,5,30,30,2,Monday,Mon,33.8,30-01-2017,0,0,30012017,30
31012017,94055.81,497149,825432.6,313377,31012017,31-01-17,2017,Jan-2017,201701,1,Q1-2017,1,January,Jan,5,31,31,3,Tuesday,Tue,30.2,31-01-2017,0,1,31012017,31
1022017,98580.59,522266,891058.5,329696,1022017,01-02-17,2017,Feb-2017,201702,1,Q1-2017,2,February,Feb,5,32,1,4,Wednesday,Wed,39.2,01-02-2017,0,0,1022017,32
2022017,105673.82,561326,963492.8,353151,2022017,02-02-17,2017,Feb-2017,201702,1,Q1-2017,2,February,Feb,5,33,2,5,Thursday,Thu,39.2,02-02-2017,0,0,2022017,33
3022017,112166.71,602455,991614.4,374712,3022017,03-02-17,2017,Feb-2017,201702,1,Q1-2017,2,February,Feb,5,34,3,6,Friday,Fri,30.2,03-02-2017,0,0,3022017,34
4022017,109572.76,614150,931323.75,365995,4022017,04-02-17,2017,Feb-2017,201702,1,Q1-2017,2,February,Feb,5,35,4,7,Saturday,Sat,28.4,04-02-2017,0,0,4022017,35
5022017,92075.38,512974,908137.75,306839,5022017,05-02-17,2017,Feb-2017,201702,1,Q1-2017,2,February,Feb,6,36,5,1,Sunday,Sun,37.4,05-02-2017,0,0,5022017,36
6022017,87097.67,463177,836713,290225,6022017,06-02-17,2017,Feb-2017,201702,1,Q1-2017,2,February,Feb,6,37,6,2,Monday,Mon,42.8,06-02-2017,0,0,6022017,37
7022017,97915.74,517803,850263,326200,7022017,07-02-17,2017,Feb-2017,201702,1,Q1-2017,2,February,Feb,6,38,7,3,Tuesday,Tue,39.2,07-02-2017,1,0,7022017,38
8022017,99557.61,526098,915911.1,331904,8022017,08-02-17,2017,Feb-2017,201702,1,Q1-2017,2,February,Feb,6,39,8,4,Wednesday,Wed,50,08-02-2017,1,0,8022017,39
9022017,60981,332477,519682.7,203187,9022017,09-02-17,2017,Feb-2017,201702,1,Q1-2017,2,February,Feb,6,40,9,5,Thursday,Thu,32,09-02-2017,0,1,9022017,40
10022017,105407.81,568619,1008659,352397,10022017,10-02-17,2017,Feb-2017,201702,1,Q1-2017,2,February,Feb,6,41,10,6,Friday,Fri,26.6,10-02-2017,0,1,10022017,41
11022017,110990.88,622932,989410.1,370870,11022017,11-02-17,2017,Feb-2017,201702,1,Q1-2017,2,February,Feb,6,42,11,7,Saturday,Sat,39.2,11-02-2017,0,0,11022017,42
12022017,97725.92,544546,941114.5,326156,12022017,12-02-17,2017,Feb-2017,201702,1,Q1-2017,2,February,Feb,7,43,12,1,Sunday,Sun,35.6,12-02-2017,1,1,12022017,43
13022017,96078.875,512119,867995.25,320121,13022017,13-02-17,2017,Feb-2017,201702,1,Q1-2017,2,February,Feb,7,44,13,2,Monday,Mon,35.6,13-02-2017,1,0,13022017,44
14022017,103134.31,550377,885909.06,343943,14022017,14-02-17,2017,Feb-2017,201702,1,Q1-2017,2,February,Feb,7,45,14,3,Tuesday,Tue,35.6,14-02-2017,0,0,14022017,45
15022017,103773.234,552711,957140.2,347214,15022017,15-02-17,2017,Feb-2017,201702,1,Q1-2017,2,February,Feb,7,46,15,4,Wednesday,Wed,41,15-02-2017,0,0,15022017,46
16022017,110042.53,584295,1012395.2,368289,16022017,16-02-17,2017,Feb-2017,201702,1,Q1-2017,2,February,Feb,7,47,16,5,Thursday,Thu,32,16-02-2017,0,0,16022017,47
17022017,106210.8,570555,1010751.94,355306,17022017,17-02-17,2017,Feb-2017,201702,1,Q1-2017,2,February,Feb,7,48,17,6,Friday,Fri,33.8,17-02-2017,0,0,17022017,48
18022017,97694.65,549863,903488.75,326370,18022017,18-02-17,2017,Feb-2017,201702,1,Q1-2017,2,February,Feb,7,49,18,7,Saturday,Sat,48.2,18-02-2017,0,0,18022017,49
19022017,89806.38,508967,898003,299283,19022017,19-02-17,2017,Feb-2017,201702,1,Q1-2017,2,February,Feb,8,50,19,1,Sunday,Sun,59,19-02-2017,0,0,19022017,50
20022017,78638.07,433805,843067.9,262088,20022017,20-02-17,2017,Feb-2017,201702,1,Q1-2017,2,February,Feb,8,51,20,2,Monday,Mon,46.4,20-02-2017,0,0,20022017,51
21022017,88412.34,474854,861371.94,295482,21022017,21-02-17,2017,Feb-2017,201702,1,Q1-2017,2,February,Feb,8,52,21,3,Tuesday,Tue,41,21-02-2017,0,0,21022017,52
22022017,94192.67,503229,893360.7,314883,22022017,22-02-17,2017,Feb-2017,201702,1,Q1-2017,2,February,Feb,8,53,22,4,Wednesday,Wed,50,22-02-2017,0,0,22022017,53
23022017,100378.664,537793,971356.4,335057,23022017,23-02-17,2017,Feb-2017,201702,1,Q1-2017,2,February,Feb,8,54,23,5,Thursday,Thu,55.4,23-02-2017,0,0,23022017,54
24022017,105180.45,568514,1008319,350666,24022017,24-02-17,2017,Feb-2017,201702,1,Q1-2017,2,February,Feb,8,55,24,6,Friday,Fri,64.4,24-02-2017,0,0,24022017,55
25022017,110549.25,621815,1006943.6,368391,25022017,25-02-17,2017,Feb-2017,201702,1,Q1-2017,2,February,Feb,8,56,25,7,Saturday,Sat,53.6,25-02-2017,1,0,25022017,56
26022017,96120.375,534808,999037.9,320321,26022017,26-02-17,2017,Feb-2017,201702,1,Q1-2017,2,February,Feb,9,57,26,1,Sunday,Sun,39.2,26-02-2017,0,0,26022017,57
27022017,91752.414,489597,910268.9,305715,27022017,27-02-17,2017,Feb-2017,201702,1,Q1-2017,2,February,Feb,9,58,27,2,Monday,Mon,44.6,27-02-2017,0,0,27022017,58
28022017,96987.56,516983,906999.25,324364,28022017,28-02-17,2017,Feb-2017,201702,1,Q1-2017,2,February,Feb,9,59,28,3,Tuesday,Tue,53.6,28-02-2017,0,0,28022017,59
1032017,102280.195,545049,988669,342078,1032017,01-03-17,2017,Mar-2017,201703,1,Q1-2017,3,March,Mar,9,60,1,4,Wednesday,Wed,62.6,01-03-2017,1,0,1032017,60
2032017,111479.2,594714,1037727.3,372857,2032017,02-03-17,2017,Mar-2017,201703,1,Q1-2017,3,March,Mar,9,61,2,5,Thursday,Thu,50,02-03-2017,0,0,2032017,61
3032017,118170.42,638799,1080624.6,395404,3032017,03-03-17,2017,Mar-2017,201703,1,Q1-2017,3,March,Mar,9,62,3,6,Friday,Fri,32,03-03-2017,0,0,3032017,62
4032017,120837.49,677981,1046229.9,404061,4032017,04-03-17,2017,Mar-2017,201703,1,Q1-2017,3,March,Mar,9,63,4,7,Saturday,Sat,24.8,04-03-2017,0,0,4032017,63
5032017,97896.516,546248,1004319.5,326942,5032017,05-03-17,2017,Mar-2017,201703,1,Q1-2017,3,March,Mar,10,64,5,1,Sunday,Sun,26.6,05-03-2017,0,0,5032017,64
6032017,92614.91,490384,904706.3,309425,6032017,06-03-17,2017,Mar-2017,201703,1,Q1-2017,3,March,Mar,10,65,6,2,Monday,Mon,35.6,06-03-2017,0,0,6032017,65
7032017,99358.5,527867,909422.75,332336,7032017,07-03-17,2017,Mar-2017,201703,1,Q1-2017,3,March,Mar,10,66,7,3,Tuesday,Tue,48.2,07-03-2017,1,0,7032017,66
8032017,102430.62,543328,971368.7,342591,8032017,08-03-17,2017,Mar-2017,201703,1,Q1-2017,3,March,Mar,10,67,8,4,Wednesday,Wed,53.6,08-03-2017,1,0,8032017,67
9032017,108528.78,578588,1043963.7,362976,9032017,09-03-17,2017,Mar-2017,201703,1,Q1-2017,3,March,Mar,10,68,9,5,Thursday,Thu,53.6,09-03-2017,0,0,9032017,68
10032017,114314.266,614502,1034779.5,380845,10032017,10-03-17,2017,Mar-2017,201703,1,Q1-2017,3,March,Mar,10,69,10,6,Friday,Fri,35.6,10-03-2017,0,1,10032017,69
11032017,120263.91,673758,1058546.9,401170,11032017,11-03-17,2017,Mar-2017,201703,1,Q1-2017,3,March,Mar,10,70,11,7,Saturday,Sat,23,11-03-2017,0,0,11032017,70
12032017,100340.78,558126,1011199.8,335470,12032017,12-03-17,2017,Mar-2017,201703,1,Q1-2017,3,March,Mar,11,71,12,1,Sunday,Sun,24.8,12-03-2017,0,0,12032017,71
13032017,100774.85,533979,951432.7,336424,13032017,13-03-17,2017,Mar-2017,201703,1,Q1-2017,3,March,Mar,11,72,13,2,Monday,Mon,26.6,13-03-2017,0,0,13032017,72
14032017,30085.654,165287,250406.9,100325,14032017,14-03-17,2017,Mar-2017,201703,1,Q1-2017,3,March,Mar,11,73,14,3,Tuesday,Tue,26.6,14-03-2017,0,1,14032017,73
15032017,87453.17,470678,862419.8,292140,15032017,15-03-17,2017,Mar-2017,201703,1,Q1-2017,3,March,Mar,11,74,15,4,Wednesday,Wed,23,15-03-2017,0,0,15032017,74
16032017,95077.84,507339,978450,316923,16032017,16-03-17,2017,Mar-2017,201703,1,Q1-2017,3,March,Mar,11,75,16,5,Thursday,Thu,32,16-03-2017,0,0,16032017,75
17032017,95803.95,518949,994832.56,319347,17032017,17-03-17,2017,Mar-2017,201703,1,Q1-2017,3,March,Mar,11,76,17,6,Friday,Fri,37.4,17-03-2017,0,0,17032017,76
18032017,109745.17,616225,1019696,365664,18032017,18-03-17,2017,Mar-2017,201703,1,Q1-2017,3,March,Mar,11,77,18,7,Saturday,Sat,37.4,18-03-2017,0,1,18032017,77
19032017,90288.62,502368,994012.4,300980,19032017,19-03-17,2017,Mar-2017,201703,1,Q1-2017,3,March,Mar,12,78,19,1,Sunday,Sun,41,19-03-2017,0,0,19032017,78
20032017,85516.94,452869,905757.7,284983,20032017,20-03-17,2017,Mar-2017,201703,1,Q1-2017,3,March,Mar,12,79,20,2,Monday,Mon,42.8,20-03-2017,0,0,20032017,79
21032017,91597.484,484292,887688.8,305200,21032017,21-03-17,2017,Mar-2017,201703,1,Q1-2017,3,March,Mar,12,80,21,3,Tuesday,Tue,51.8,21-03-2017,0,0,21032017,80
22032017,104194.79,550069,957077.4,347375,22032017,22-03-17,2017,Mar-2017,201703,1,Q1-2017,3,March,Mar,12,81,22,4,Wednesday,Wed,37.4,22-03-2017,0,0,22032017,81
23032017,103721.74,552122,1010721.94,345901,23032017,23-03-17,2017,Mar-2017,201703,1,Q1-2017,3,March,Mar,12,82,23,5,Thursday,Thu,33.8,23-03-2017,0,0,23032017,82
24032017,102172.22,546679,1007828.06,341125,24032017,24-03-17,2017,Mar-2017,201703,1,Q1-2017,3,March,Mar,12,83,24,6,Friday,Fri,46.4,24-03-2017,0,0,24032017,83
25032017,104024.77,583389,982706.06,346805,25032017,25-03-17,2017,Mar-2017,201703,1,Q1-2017,3,March,Mar,12,84,25,7,Saturday,Sat,51.8,25-03-2017,0,0,25032017,84
26032017,91100.69,505153,975058.8,303832,26032017,26-03-17,2017,Mar-2017,201703,1,Q1-2017,3,March,Mar,13,85,26,1,Sunday,Sun,39.2,26-03-2017,1,0,26032017,85
27032017,85801.15,453619,893481.9,285968,27032017,27-03-17,2017,Mar-2017,201703,1,Q1-2017,3,March,Mar,13,86,27,2,Monday,Mon,44.6,27-03-2017,1,0,27032017,86
28032017,99981.81,528311,918340.2,333134,28032017,28-03-17,2017,Mar-2017,201703,1,Q1-2017,3,March,Mar,13,87,28,3,Tuesday,Tue,44.6,28-03-2017,1,0,28032017,87
29032017,99548,527129,967555.25,331662,29032017,29-03-17,2017,Mar-2017,201703,1,Q1-2017,3,March,Mar,13,88,29,4,Wednesday,Wed,51.8,29-03-2017,0,0,29032017,88
30032017,105532.98,560463,1027979.2,352132,30032017,30-03-17,2017,Mar-2017,201703,1,Q1-2017,3,March,Mar,13,89,30,5,Thursday,Thu,44.6,30-03-2017,0,0,30032017,89
31032017,113041.67,610761,1019728.9,378553,31032017,31-03-17,2017,Mar-2017,201703,1,Q1-2017,3,March,Mar,13,90,31,6,Friday,Fri,39.2,31-03-2017,1,0,31032017,90
1042017,106296.97,595099,1004435.06,355815,1042017,01-04-17,2017,Apr-2017,201704,2,Q2-2017,4,April,Apr,13,91,1,7,Saturday,Sat,42.8,01-04-2017,0,0,1042017,91
2042017,93627.05,522588,1016363.2,312901,2042017,02-04-17,2017,Apr-2017,201704,2,Q2-2017,4,April,Apr,14,92,2,1,Sunday,Sun,51.8,02-04-2017,0,0,2042017,92
3042017,91225.2,481091,929886.44,304070,3042017,03-04-17,2017,Apr-2017,201704,2,Q2-2017,4,April,Apr,14,93,3,2,Monday,Mon,55.4,03-04-2017,1,0,3042017,93
4042017,100883.25,535716,925519.7,336171,4042017,04-04-17,2017,Apr-2017,201704,2,Q2-2017,4,April,Apr,14,94,4,3,Tuesday,Tue,48.2,04-04-2017,1,0,4042017,94
1122017,105672.414,568131,1002457.9,353754,1122017,01-12-17,2017,Dec-2017,201712,4,Q4-2017,12,December,Dec,48,335,1,6,Friday,Fri,46.4,01-12-2017,0,0,1122017,95
1122017,24.899984,179,340.25003,83,1122017,01-12-17,2017,Dec-2017,201712,4,Q4-2017,12,December,Dec,48,335,1,6,Friday,Fri,46.4,01-12-2017,0,0,1122017,96
2122017,104596.54,585012,933341.2,349819,2122017,02-12-17,2017,Dec-2017,201712,4,Q4-2017,12,December,Dec,48,336,2,7,Saturday,Sat,44.6,02-12-2017,0,0,2122017,97
2122017,0.3,1,11.44,1,2122017,02-12-17,2017,Dec-2017,201712,4,Q4-2017,12,December,Dec,48,336,2,7,Saturday,Sat,44.6,02-12-2017,0,0,2122017,98
3122017,90069.83,501943,949770.5,300504,3122017,03-12-17,2017,Dec-2017,201712,4,Q4-2017,12,December,Dec,49,337,3,1,Sunday,Sun,44.6,03-12-2017,0,0,3122017,99
4122017,90064.74,477114,892468.2,300092,4122017,04-12-17,2017,Dec-2017,201712,4,Q4-2017,12,December,Dec,49,338,4,2,Monday,Mon,46.4,04-12-2017,0,0,4122017,100
5122017,99220.83,523980,922689.5,330567,5122017,05-12-17,2017,Dec-2017,201712,4,Q4-2017,12,December,Dec,49,339,5,3,Tuesday,Tue,55.4,05-12-2017,1,0,5122017,101
6122017,103762.66,546121,993399.4,346348,6122017,06-12-17,2017,Dec-2017,201712,4,Q4-2017,12,December,Dec,49,340,6,4,Wednesday,Wed,50,06-12-2017,0,0,6122017,102
7122017,106002.734,562547,1050582.1,354196,7122017,07-12-17,2017,Dec-2017,201712,4,Q4-2017,12,December,Dec,49,341,7,5,Thursday,Thu,41,07-12-2017,0,0,7122017,103
8122017,108308.266,584618,1042595.44,362237,8122017,08-12-17,2017,Dec-2017,201712,4,Q4-2017,12,December,Dec,49,342,8,6,Friday,Fri,37.4,08-12-2017,0,0,8122017,104
9122017,107463.89,608169,940810,359572,9122017,09-12-17,2017,Dec-2017,201712,4,Q4-2017,12,December,Dec,49,343,9,7,Saturday,Sat,33.8,09-12-2017,0,1,9122017,105
10122017,90610.14,504499,938665.75,302889,10122017,10-12-17,2017,Dec-2017,201712,4,Q4-2017,12,December,Dec,50,344,10,1,Sunday,Sun,33.8,10-12-2017,0,0,10122017,106
11122017,93070.08,491143,951493.8,310541,11122017,11-12-17,2017,Dec-2017,201712,4,Q4-2017,12,December,Dec,50,345,11,2,Monday,Mon,37.4,11-12-2017,0,0,11122017,107
12122017,98887.836,522748,923260.6,329481,12122017,12-12-17,2017,Dec-2017,201712,4,Q4-2017,12,December,Dec,50,346,12,3,Tuesday,Tue,39.2,12-12-2017,0,1,12122017,108
13122017,107267.82,563041,981331.6,357298,13122017,13-12-17,2017,Dec-2017,201712,4,Q4-2017,12,December,Dec,50,347,13,4,Wednesday,Wed,26.6,13-12-2017,0,0,13122017,109
14122017,105583.85,556069,1009736.8,351742,14122017,14-12-17,2017,Dec-2017,201712,4,Q4-2017,12,December,Dec,50,348,14,5,Thursday,Thu,26.6,14-12-2017,0,1,14122017,110
15122017,108755.164,582532,1037650.25,362595,15122017,15-12-17,2017,Dec-2017,201712,4,Q4-2017,12,December,Dec,50,349,15,6,Friday,Fri,24.8,15-12-2017,0,1,15122017,111
16122017,109281.53,612606,1003636.3,364503,16122017,16-12-17,2017,Dec-2017,201712,4,Q4-2017,12,December,Dec,50,350,16,7,Saturday,Sat,30.2,16-12-2017,0,0,16122017,112
17122017,93814.38,522167,929403.4,313238,17122017,17-12-17,2017,Dec-2017,201712,4,Q4-2017,12,December,Dec,51,351,17,1,Sunday,Sun,35.6,17-12-2017,0,0,17122017,113
18122017,90460.766,482999,857655.5,302388,18122017,18-12-17,2017,Dec-2017,201712,4,Q4-2017,12,December,Dec,51,352,18,2,Monday,Mon,41,18-12-2017,0,0,18122017,114
19122017,97162.61,516494,889751.2,324617,19122017,19-12-17,2017,Dec-2017,201712,4,Q4-2017,12,December,Dec,51,353,19,3,Tuesday,Tue,50,19-12-2017,0,0,19122017,115
20122017,103223.836,549821,929250.2,344511,20122017,20-12-17,2017,Dec-2017,201712,4,Q4-2017,12,December,Dec,51,354,20,4,Wednesday,Wed,42.8,20-12-2017,0,0,20122017,116
21122017,103080.04,549897,934184.3,343586,21122017,21-12-17,2017,Dec-2017,201712,4,Q4-2017,12,December,Dec,51,355,21,5,Thursday,Thu,35.6,21-12-2017,0,0,21122017,117
22122017,93725.26,509167,864840.4,312413,22122017,22-12-17,2017,Dec-2017,201712,4,Q4-2017,12,December,Dec,51,356,22,6,Friday,Fri,42.8,22-12-2017,0,0,22122017,118
23122017,77833.375,436959,709462.75,259489,23122017,23-12-17,2017,Dec-2017,201712,4,Q4-2017,12,December,Dec,51,357,23,7,Saturday,Sat,42.8,23-12-2017,1,0,23122017,119
23122017,0.3,1,11.98,1,23122017,23-12-17,2017,Dec-2017,201712,4,Q4-2017,12,December,Dec,51,357,23,7,Saturday,Sat,42.8,23-12-2017,1,0,23122017,120
24122017,62710.492,354949,569891.56,208971,24122017,24-12-17,2017,Dec-2017,201712,4,Q4-2017,12,December,Dec,52,358,24,1,Sunday,Sun,39.2,24-12-2017,0,0,24122017,121
25122017,44819.875,258822,473633.94,149445,25122017,25-12-17,2017,Dec-2017,201712,4,Q4-2017,12,December,Dec,52,359,25,2,Monday,Mon,33.8,25-12-2017,1,1,25122017,122
26122017,66118.2,374702,651355.44,220347,26122017,26-12-17,2017,Dec-2017,201712,4,Q4-2017,12,December,Dec,52,360,26,3,Tuesday,Tue,26.6,26-12-2017,0,0,26122017,123
27122017,75981.57,424019,725038.1,253278,27122017,27-12-17,2017,Dec-2017,201712,4,Q4-2017,12,December,Dec,52,361,27,4,Wednesday,Wed,21.2,27-12-2017,0,0,27122017,124
28122017,82441.945,461219,750893.2,275427,28122017,28-12-17,2017,Dec-2017,201712,4,Q4-2017,12,December,Dec,52,362,28,5,Thursday,Thu,15.8,28-12-2017,0,0,28122017,125
29122017,82404.74,459565,764503.2,275157,29122017,29-12-17,2017,Dec-2017,201712,4,Q4-2017,12,December,Dec,52,363,29,6,Friday,Fri,17.6,29-12-2017,0,0,29122017,126
30122017,73306.72,417430,708648.8,244403,30122017,30-12-17,2017,Dec-2017,201712,4,Q4-2017,12,December,Dec,52,364,30,7,Saturday,Sat,19.4,30-12-2017,0,1,30122017,127
31122017,73294.266,412021,681823.5,244557,31122017,31-12-17,2017,Dec-2017,201712,4,Q4-2017,12,December,Dec,53,365,31,1,Sunday,Sun,15.8,31-12-2017,0,0,31122017,128
5042017,105193.74,557780,1004145.56,350466,5042017,05-04-17,2017,Apr-2017,201704,2,Q2-2017,4,April,Apr,14,95,5,4,Wednesday,Wed,55.4,05-04-2017,0,0,5042017,129
6042017,109072.38,577495,1012580.4,363472,6042017,06-04-17,2017,Apr-2017,201704,2,Q2-2017,4,April,Apr,14,96,6,5,Thursday,Thu,46.4,06-04-2017,1,0,6042017,130
7042017,114955.8,618910,1130139,383145,7042017,07-04-17,2017,Apr-2017,201704,2,Q2-2017,4,April,Apr,14,97,7,6,Friday,Fri,46.4,07-04-2017,0,0,7042017,131
8042017,109359.5,613379,1035866.75,364475,8042017,08-04-17,2017,Apr-2017,201704,2,Q2-2017,4,April,Apr,14,98,8,7,Saturday,Sat,48.2,08-04-2017,0,0,8042017,132
9042017,95016.15,530077,1010994.3,316944,9042017,09-04-17,2017,Apr-2017,201704,2,Q2-2017,4,April,Apr,15,99,9,1,Sunday,Sun,55.4,09-04-2017,0,0,9042017,133
10042017,86033.31,464736,870270.75,286680,10042017,10-04-17,2017,Apr-2017,201704,2,Q2-2017,4,April,Apr,15,100,10,2,Monday,Mon,64.4,10-04-2017,0,0,10042017,134
11042017,93476.45,504641,902804.75,312024,11042017,11-04-17,2017,Apr-2017,201704,2,Q2-2017,4,April,Apr,15,101,11,3,Tuesday,Tue,71.6,11-04-2017,0,0,11042017,135
12042017,97447.86,525962,941055,325514,12042017,12-04-17,2017,Apr-2017,201704,2,Q2-2017,4,April,Apr,15,102,12,4,Wednesday,Wed,66.2,12-04-2017,1,0,12042017,136
13042017,102354.41,553067,1006615.06,341270,13042017,13-04-17,2017,Apr-2017,201704,2,Q2-2017,4,April,Apr,15,103,13,5,Thursday,Thu,57.2,13-04-2017,0,0,13042017,137
14042017,99917.37,553571,967391.75,333186,14042017,14-04-17,2017,Apr-2017,201704,2,Q2-2017,4,April,Apr,15,104,14,6,Friday,Fri,57.2,14-04-2017,0,0,14042017,138
15042017,93672.72,532218,879291.7,312812,15042017,15-04-17,2017,Apr-2017,201704,2,Q2-2017,4,April,Apr,15,105,15,7,Saturday,Sat,57.2,15-04-2017,0,0,15042017,139
16042017,84368.59,475627,920899.4,281829,16042017,16-04-17,2017,Apr-2017,201704,2,Q2-2017,4,April,Apr,16,106,16,1,Sunday,Sun,73.4,16-04-2017,1,0,16042017,140
17042017,84603.09,454595,897783.25,282381,17042017,17-04-17,2017,Apr-2017,201704,2,Q2-2017,4,April,Apr,16,107,17,2,Monday,Mon,66.2,17-04-2017,0,0,17042017,141
18042017,97941.42,524770,966412.7,326816,18042017,18-04-17,2017,Apr-2017,201704,2,Q2-2017,4,April,Apr,16,108,18,3,Tuesday,Tue,55.4,18-04-2017,0,0,18042017,142
19042017,105385.734,560639,1009091.94,351792,19042017,19-04-17,2017,Apr-2017,201704,2,Q2-2017,4,April,Apr,16,109,19,4,Wednesday,Wed,50,19-04-2017,1,0,19042017,143
20042017,108277.766,574953,1056065.8,361327,20042017,20-04-17,2017,Apr-2017,201704,2,Q2-2017,4,April,Apr,16,110,20,5,Thursday,Thu,57.2,20-04-2017,1,0,20042017,144
21042017,113767.82,612179,1099149.8,380086,21042017,21-04-17,2017,Apr-2017,201704,2,Q2-2017,4,April,Apr,16,111,21,6,Friday,Fri,51.8,21-04-2017,1,0,21042017,145
22042017,105665.664,591438,995529.5,352930,22042017,22-04-17,2017,Apr-2017,201704,2,Q2-2017,4,April,Apr,16,112,22,7,Saturday,Sat,53.6,22-04-2017,1,0,22042017,146
23042017,96274.37,532549,1050354.1,321217,23042017,23-04-17,2017,Apr-2017,201704,2,Q2-2017,4,April,Apr,17,113,23,1,Sunday,Sun,55.4,23-04-2017,0,0,23042017,147
24042017,93189.15,492635,955306.25,310502,24042017,24-04-17,2017,Apr-2017,201704,2,Q2-2017,4,April,Apr,17,114,24,2,Monday,Mon,53.6,24-04-2017,0,0,24042017,148
25042017,103411.31,545898,941242.75,344526,25042017,25-04-17,2017,Apr-2017,201704,2,Q2-2017,4,April,Apr,17,115,25,3,Tuesday,Tue,51.8,25-04-2017,1,0,25042017,149
26042017,103449.61,545600,1007468,344703,26042017,26-04-17,2017,Apr-2017,201704,2,Q2-2017,4,April,Apr,17,116,26,4,Wednesday,Wed,57.2,26-04-2017,1,0,26042017,150
27042017,104834.83,555441,1018249,350200,27042017,27-04-17,2017,Apr-2017,201704,2,Q2-2017,4,April,Apr,17,117,27,5,Thursday,Thu,64.4,27-04-2017,0,0,27042017,151
28042017,107635.664,576593,1081666.1,359350,28042017,28-04-17,2017,Apr-2017,201704,2,Q2-2017,4,April,Apr,17,118,28,6,Friday,Fri,71.6,28-04-2017,1,0,28042017,152
29042017,109023.12,609637,1037839.4,363831,29042017,29-04-17,2017,Apr-2017,201704,2,Q2-2017,4,April,Apr,17,119,29,7,Saturday,Sat,75.2,29-04-2017,1,0,29042017,153
30042017,94676.375,524905,1021045.44,315753,30042017,30-04-17,2017,Apr-2017,201704,2,Q2-2017,4,April,Apr,18,120,30,1,Sunday,Sun,60.8,30-04-2017,0,0,30042017,154
1052017,90758.6,483979,929444.7,303360,1052017,01-05-17,2017,May-2017,201705,2,Q2-2017,5,May,May,18,121,1,2,Monday,Mon,62.6,01-05-2017,0,0,1052017,155
2052017,99464.2,529111,972929.5,332566,2052017,02-05-17,2017,May-2017,201705,2,Q2-2017,5,May,May,18,122,2,3,Tuesday,Tue,69.8,02-05-2017,0,0,2052017,156
3052017,103605.734,548433,994656.75,346022,3052017,03-05-17,2017,May-2017,201705,2,Q2-2017,5,May,May,18,123,3,4,Wednesday,Wed,57.2,03-05-2017,0,0,3052017,157
4052017,106624,566487,1029828,355577,4052017,04-05-17,2017,May-2017,201705,2,Q2-2017,5,May,May,18,124,4,5,Thursday,Thu,55.4,04-05-2017,0,0,4052017,158
5052017,108848.44,584171,1015637.75,362782,5052017,05-05-17,2017,May-2017,201705,2,Q2-2017,5,May,May,18,125,5,6,Friday,Fri,55.4,05-05-2017,1,0,5052017,159
6052017,111197.914,618791,1064592.4,370499,6052017,06-05-17,2017,May-2017,201705,2,Q2-2017,5,May,May,18,126,6,7,Saturday,Sat,60.8,06-05-2017,1,0,6052017,160
7052017,95447.125,526062,1042057.8,318027,7052017,07-05-17,2017,May-2017,201705,2,Q2-2017,5,May,May,19,127,7,1,Sunday,Sun,51.8,07-05-2017,1,0,7052017,161
8052017,91820.85,487877,929403.6,306979,8052017,08-05-17,2017,May-2017,201705,2,Q2-2017,5,May,May,19,128,8,2,Monday,Mon,51.8,08-05-2017,0,0,8052017,162
9052017,98829.74,524748,947097.7,330479,9052017,09-05-17,2017,May-2017,201705,2,Q2-2017,5,May,May,19,129,9,3,Tuesday,Tue,55.4,09-05-2017,0,0,9052017,163
10052017,101801.95,539176,983269.44,340369,10052017,10-05-17,2017,May-2017,201705,2,Q2-2017,5,May,May,19,130,10,4,Wednesday,Wed,55.4,10-05-2017,0,0,10052017,164
11052017,104186.78,552792,1020054.2,348246,11052017,11-05-17,2017,May-2017,201705,2,Q2-2017,5,May,May,19,131,11,5,Thursday,Thu,57.2,11-05-2017,0,0,11052017,165
12052017,106011.26,570276,1040906.4,354092,12052017,12-05-17,2017,May-2017,201705,2,Q2-2017,5,May,May,19,132,12,6,Friday,Fri,57.2,12-05-2017,0,0,12052017,166
13052017,111028.81,621657,982570.5,371150,13052017,13-05-17,2017,May-2017,201705,2,Q2-2017,5,May,May,19,133,13,7,Saturday,Sat,48.2,13-05-2017,1,0,13052017,167
14052017,89027.61,497878,970371.7,297073,14052017,14-05-17,2017,May-2017,201705,2,Q2-2017,5,May,May,20,134,14,1,Sunday,Sun,57.2,14-05-2017,1,0,14052017,168
15052017,93719.1,500511,976965.4,312444,15052017,15-05-17,2017,May-2017,201705,2,Q2-2017,5,May,May,20,135,15,2,Monday,Mon,60.8,15-05-2017,0,0,15052017,169
16052017,100774.8,538545,986592,337218,16052017,16-05-17,2017,May-2017,201705,2,Q2-2017,5,May,May,20,136,16,3,Tuesday,Tue,68,16-05-2017,0,0,16052017,170
17052017,105212.664,562193,1019629.56,352076,17052017,17-05-17,2017,May-2017,201705,2,Q2-2017,5,May,May,20,137,17,4,Wednesday,Wed,78.8,17-05-2017,0,0,17052017,171
18052017,104379.21,559287,1052914.8,349188,18052017,18-05-17,2017,May-2017,201705,2,Q2-2017,5,May,May,20,138,18,5,Thursday,Thu,84.2,18-05-2017,0,0,18052017,172
19052017,108911.44,590331,1098109.8,364286,19052017,19-05-17,2017,May-2017,201705,2,Q2-2017,5,May,May,20,139,19,6,Friday,Fri,78.8,19-05-2017,0,0,19052017,173
20052017,110163.25,615373,1080224,367665,20052017,20-05-17,2017,May-2017,201705,2,Q2-2017,5,May,May,20,140,20,7,Saturday,Sat,60.8,20-05-2017,1,0,20052017,174
21052017,95746.04,533465,1067408.4,319407,21052017,21-05-17,2017,May-2017,201705,2,Q2-2017,5,May,May,21,141,21,1,Sunday,Sun,60.8,21-05-2017,0,0,21052017,175
22052017,92159.08,494389,919946.44,307309,22052017,22-05-17,2017,May-2017,201705,2,Q2-2017,5,May,May,21,142,22,2,Monday,Mon,57.2,22-05-2017,1,0,22052017,176
23052017,97123.484,515095,966682,323634,23052017,23-05-17,2017,May-2017,201705,2,Q2-2017,5,May,May,21,143,23,3,Tuesday,Tue,62.6,23-05-2017,0,0,23052017,177
24052017,101007.76,539815,985972.7,336578,24052017,24-05-17,2017,May-2017,201705,2,Q2-2017,5,May,May,21,144,24,4,Wednesday,Wed,62.6,24-05-2017,1,0,24052017,178
25052017,102582.13,546638,966667.6,342445,25052017,25-05-17,2017,May-2017,201705,2,Q2-2017,5,May,May,21,145,25,5,Thursday,Thu,57.2,25-05-2017,1,0,25052017,179
26052017,91553.64,496734,964841.75,306057,26052017,26-05-17,2017,May-2017,201705,2,Q2-2017,5,May,May,21,146,26,6,Friday,Fri,64.4,26-05-2017,1,0,26052017,180
27052017,80083.8,451278,821375.5,267405,27052017,27-05-17,2017,May-2017,201705,2,Q2-2017,5,May,May,21,147,27,7,Saturday,Sat,64.4,27-05-2017,0,0,27052017,181
28052017,72430.25,411208,772187.9,241410,28052017,28-05-17,2017,May-2017,201705,2,Q2-2017,5,May,May,22,148,28,1,Sunday,Sun,64.4,28-05-2017,0,0,28052017,182
29052017,64045.06,358675,778330.4,213354,29052017,29-05-17,2017,May-2017,201705,2,Q2-2017,5,May,May,22,149,29,2,Monday,Mon,59,29-05-2017,1,0,29052017,183
30052017,88861.99,474302,882417.25,296638,30052017,30-05-17,2017,May-2017,201705,2,Q2-2017,5,May,May,22,150,30,3,Tuesday,Tue,57.2,30-05-2017,1,0,30052017,184
31052017,98391.47,524096,954000.4,327789,31052017,31-05-17,2017,May-2017,201705,2,Q2-2017,5,May,May,22,151,31,4,Wednesday,Wed,66.2,31-05-2017,0,0,31052017,185
1062017,103394.875,552275,995604.1,344507,1062017,01-06-17,2017,Jun-2017,201706,2,Q2-2017,6,June,Jun,22,152,1,5,Thursday,Thu,69.8,01-06-2017,0,0,1062017,186
2062017,104207.69,561197,1005641,347404,2062017,02-06-17,2017,Jun-2017,201706,2,Q2-2017,6,June,Jun,22,153,2,6,Friday,Fri,66.2,02-06-2017,0,0,2062017,187
3062017,102565.82,574119,977487.4,341807,3062017,03-06-17,2017,Jun-2017,201706,2,Q2-2017,6,June,Jun,22,154,3,7,Saturday,Sat,64.4,03-06-2017,1,0,3062017,188
4062017,88280.75,491821,977548.8,294236,4062017,04-06-17,2017,Jun-2017,201706,2,Q2-2017,6,June,Jun,23,155,4,1,Sunday,Sun,62.6,04-06-2017,1,0,4062017,189
5062017,91207.5,487797,934114.1,304042,5062017,05-06-17,2017,Jun-2017,201706,2,Q2-2017,6,June,Jun,23,156,5,2,Monday,Mon,62.6,05-06-2017,1,0,5062017,190
6062017,102452.95,544780,960989.9,341499,6062017,06-06-17,2017,Jun-2017,201706,2,Q2-2017,6,June,Jun,23,157,6,3,Tuesday,Tue,55.4,06-06-2017,1,0,6062017,191
7062017,101875.25,543052,980500.9,339808,7062017,07-06-17,2017,Jun-2017,201706,2,Q2-2017,6,June,Jun,23,158,7,4,Wednesday,Wed,59,07-06-2017,0,0,7062017,192
8062017,106073.83,565308,1045170.6,353452,8062017,08-06-17,2017,Jun-2017,201706,2,Q2-2017,6,June,Jun,23,159,8,5,Thursday,Thu,62.6,08-06-2017,0,0,8062017,193
9062017,102637.31,553076,1006037.4,342240,9062017,09-06-17,2017,Jun-2017,201706,2,Q2-2017,6,June,Jun,23,160,9,6,Friday,Fri,66.2,09-06-2017,0,0,9062017,194
10062017,101417.44,568847,971580.6,337959,10062017,10-06-17,2017,Jun-2017,201706,2,Q2-2017,6,June,Jun,23,161,10,7,Saturday,Sat,75.2,10-06-2017,0,0,10062017,195
11062017,84856.16,474142,945064.9,283088,11062017,11-06-17,2017,Jun-2017,201706,2,Q2-2017,6,June,Jun,24,162,11,1,Sunday,Sun,80.6,11-06-2017,0,0,11062017,196
12062017,93318.99,501304,939036.4,311495,12062017,12-06-17,2017,Jun-2017,201706,2,Q2-2017,6,June,Jun,24,163,12,2,Monday,Mon,84.2,12-06-2017,0,0,12062017,197
13062017,100143.22,534044,911748.9,333931,13062017,13-06-17,2017,Jun-2017,201706,2,Q2-2017,6,June,Jun,24,164,13,3,Tuesday,Tue,86,13-06-2017,0,0,13062017,198
14062017,104596.31,558006,995317.1,349305,14062017,14-06-17,2017,Jun-2017,201706,2,Q2-2017,6,June,Jun,24,165,14,4,Wednesday,Wed,77,14-06-2017,1,0,14062017,199
15062017,104254.3,557356,1023343.8,347838,15062017,15-06-17,2017,Jun-2017,201706,2,Q2-2017,6,June,Jun,24,166,15,5,Thursday,Thu,69.8,15-06-2017,0,0,15062017,200
16062017,102514.2,552514,1010528.6,341823,16062017,16-06-17,2017,Jun-2017,201706,2,Q2-2017,6,June,Jun,24,167,16,6,Friday,Fri,66.2,16-06-2017,0,0,16062017,201
17062017,95563.94,534889,910870.6,318478,17062017,17-06-17,2017,Jun-2017,201706,2,Q2-2017,6,June,Jun,24,168,17,7,Saturday,Sat,69.8,17-06-2017,1,0,17062017,202
18062017,83330.56,464811,905399.75,277743,18062017,18-06-17,2017,Jun-2017,201706,2,Q2-2017,6,June,Jun,25,169,18,1,Sunday,Sun,78.8,18-06-2017,0,0,18062017,203
19062017,91846.58,492048,912010.2,306068,19062017,19-06-17,2017,Jun-2017,201706,2,Q2-2017,6,June,Jun,25,170,19,2,Monday,Mon,78.8,19-06-2017,1,0,19062017,204
20062017,95592.44,511409,957778.5,318727,20062017,20-06-17,2017,Jun-2017,201706,2,Q2-2017,6,June,Jun,25,171,20,3,Tuesday,Tue,77,20-06-2017,1,0,20062017,205
21062017,99118.43,532313,962388.5,331000,21062017,21-06-17,2017,Jun-2017,201706,2,Q2-2017,6,June,Jun,25,172,21,4,Wednesday,Wed,77,21-06-2017,0,0,21062017,206
22062017,101484.586,541837,994716.3,338890,22062017,22-06-17,2017,Jun-2017,201706,2,Q2-2017,6,June,Jun,25,173,22,5,Thursday,Thu,75.2,22-06-2017,0,0,22062017,207
23062017,102250.41,553713,988390.6,341160,23062017,23-06-17,2017,Jun-2017,201706,2,Q2-2017,6,June,Jun,25,174,23,6,Friday,Fri,80.6,23-06-2017,1,0,23062017,208
24062017,95060.39,533603,932348.1,317617,24062017,24-06-17,2017,Jun-2017,201706,2,Q2-2017,6,June,Jun,25,175,24,7,Saturday,Sat,78.8,24-06-2017,1,0,24062017,209
25062017,74601.41,411275,895161.2,248929,25062017,25-06-17,2017,Jun-2017,201706,2,Q2-2017,6,June,Jun,26,176,25,1,Sunday,Sun,75.2,25-06-2017,0,0,25062017,210
26062017,87200.625,471265,925453.1,290740,26062017,26-06-17,2017,Jun-2017,201706,2,Q2-2017,6,June,Jun,26,177,26,2,Monday,Mon,71.6,26-06-2017,0,0,26062017,211
27062017,96250.44,515074,945230.75,321083,27062017,27-06-17,2017,Jun-2017,201706,2,Q2-2017,6,June,Jun,26,178,27,3,Tuesday,Tue,69.8,27-06-2017,1,0,27062017,212
28062017,94644.94,506192,939700.2,316000,28062017,28-06-17,2017,Jun-2017,201706,2,Q2-2017,6,June,Jun,26,179,28,4,Wednesday,Wed,69.8,28-06-2017,0,0,28062017,213
29062017,93923.47,502654,930350.8,313277,29062017,29-06-17,2017,Jun-2017,201706,2,Q2-2017,6,June,Jun,26,180,29,5,Thursday,Thu,75.2,29-06-2017,0,0,29062017,214
30062017,90777.54,491689,884974.9,302847,30062017,30-06-17,2017,Jun-2017,201706,2,Q2-2017,6,June,Jun,26,181,30,6,Friday,Fri,80.6,30-06-2017,0,0,30062017,215
1072017,73577.19,418386,764122.75,245530,1072017,01-07-17,2017,Jul-2017,201707,3,Q3-2017,7,July,Jul,26,182,1,7,Saturday,Sat,78.8,01-07-2017,1,0,1072017,216
2072017,61185.242,349139,662539.4,204086,2072017,02-07-17,2017,Jul-2017,201707,3,Q3-2017,7,July,Jul,27,183,2,1,Sunday,Sun,80.6,02-07-2017,0,0,2072017,217
3072017,57971.984,328217,580424.3,193217,3072017,03-07-17,2017,Jul-2017,201707,3,Q3-2017,7,July,Jul,27,184,3,2,Monday,Mon,80.6,03-07-2017,1,0,3072017,218
4072017,55450.547,317873,620210.56,184967,4072017,04-07-17,2017,Jul-2017,201707,3,Q3-2017,7,July,Jul,27,185,4,3,Tuesday,Tue,78.8,04-07-2017,0,0,4072017,219
5072017,75098.67,410289,764942.5,250623,5072017,05-07-17,2017,Jul-2017,201707,3,Q3-2017,7,July,Jul,27,186,5,4,Wednesday,Wed,78.8,05-07-2017,0,0,5072017,220
6072017,82941.65,446566,786066.44,276497,6072017,06-07-17,2017,Jul-2017,201707,3,Q3-2017,7,July,Jul,27,187,6,5,Thursday,Thu,73.4,06-07-2017,0,0,6072017,221
7072017,87120.1,474855,777815.1,290404,7072017,07-07-17,2017,Jul-2017,201707,3,Q3-2017,7,July,Jul,27,188,7,6,Friday,Fri,73.4,07-07-2017,1,0,7072017,222
8072017,79167.01,446268,796021.56,264365,8072017,08-07-17,2017,Jul-2017,201707,3,Q3-2017,7,July,Jul,27,189,8,7,Saturday,Sat,77,08-07-2017,0,0,8072017,223
9072017,73026.78,409397,835806.06,243683,9072017,09-07-17,2017,Jul-2017,201707,3,Q3-2017,7,July,Jul,28,190,9,1,Sunday,Sun,73.4,09-07-2017,0,0,9072017,224
10072017,81245.84,439193,832036.1,270799,10072017,10-07-17,2017,Jul-2017,201707,3,Q3-2017,7,July,Jul,28,191,10,2,Monday,Mon,75.2,10-07-2017,0,0,10072017,225
11072017,90593.94,486079,869300,302257,11072017,11-07-17,2017,Jul-2017,201707,3,Q3-2017,7,July,Jul,28,192,11,3,Tuesday,Tue,80.6,11-07-2017,0,0,11072017,226
12072017,95909.016,515352,907246.3,320737,12072017,12-07-17,2017,Jul-2017,201707,3,Q3-2017,7,July,Jul,28,193,12,4,Wednesday,Wed,82.4,12-07-2017,0,0,12072017,227
13072017,96475.36,518339,914043.56,322637,13072017,13-07-17,2017,Jul-2017,201707,3,Q3-2017,7,July,Jul,28,194,13,5,Thursday,Thu,84.2,13-07-2017,1,0,13072017,228
14072017,92224.17,500086,921153.2,307834,14072017,14-07-17,2017,Jul-2017,201707,3,Q3-2017,7,July,Jul,28,195,14,6,Friday,Fri,69.8,14-07-2017,1,0,14072017,229
15072017,83240.33,466485,842247,277479,15072017,15-07-17,2017,Jul-2017,201707,3,Q3-2017,7,July,Jul,28,196,15,7,Saturday,Sat,75.2,15-07-2017,0,0,15072017,230
16072017,78088.01,435782,872961.25,260505,16072017,16-07-17,2017,Jul-2017,201707,3,Q3-2017,7,July,Jul,29,197,16,1,Sunday,Sun,78.8,16-07-2017,0,0,16072017,231
17072017,84189.87,453966,859941.44,281214,17072017,17-07-17,2017,Jul-2017,201707,3,Q3-2017,7,July,Jul,29,198,17,2,Monday,Mon,78.8,17-07-2017,0,0,17072017,232
18072017,92299.95,494988,892415.6,307823,18072017,18-07-17,2017,Jul-2017,201707,3,Q3-2017,7,July,Jul,29,199,18,3,Tuesday,Tue,80.6,18-07-2017,0,0,18072017,233
19072017,97282.9,522936,921378,324255,19072017,19-07-17,2017,Jul-2017,201707,3,Q3-2017,7,July,Jul,29,200,19,4,Wednesday,Wed,84.2,19-07-2017,0,0,19072017,234
20072017,97299.74,520475,933518.9,324259,20072017,20-07-17,2017,Jul-2017,201707,3,Q3-2017,7,July,Jul,29,201,20,5,Thursday,Thu,86,20-07-2017,1,0,20072017,235
21072017,93377.375,506339,916969,311814,21072017,21-07-17,2017,Jul-2017,201707,3,Q3-2017,7,July,Jul,29,202,21,6,Friday,Fri,84.2,21-07-2017,0,0,21072017,236
22072017,87110.83,491372,835635.75,291153,22072017,22-07-17,2017,Jul-2017,201707,3,Q3-2017,7,July,Jul,29,203,22,7,Saturday,Sat,82.4,22-07-2017,1,0,22072017,237
23072017,73228.09,409588,794559.75,244083,23072017,23-07-17,2017,Jul-2017,201707,3,Q3-2017,7,July,Jul,30,204,23,1,Sunday,Sun,75.2,23-07-2017,1,0,23072017,238
24072017,82387.695,444199,848878.1,274617,24072017,24-07-17,2017,Jul-2017,201707,3,Q3-2017,7,July,Jul,30,205,24,2,Monday,Mon,68,24-07-2017,1,0,24072017,239
25072017,87392.75,471380,860840.25,291904,25072017,25-07-17,2017,Jul-2017,201707,3,Q3-2017,7,July,Jul,30,206,25,3,Tuesday,Tue,66.2,25-07-2017,0,0,25072017,240
26072017,91389.19,491320,893669,305520,26072017,26-07-17,2017,Jul-2017,201707,3,Q3-2017,7,July,Jul,30,207,26,4,Wednesday,Wed,71.6,26-07-2017,0,0,26072017,241
27072017,94632.17,509031,929391.6,315836,27072017,27-07-17,2017,Jul-2017,201707,3,Q3-2017,7,July,Jul,30,208,27,5,Thursday,Thu,71.6,27-07-2017,1,0,27072017,242
28072017,91714.53,497220,897365.6,305718,28072017,28-07-17,2017,Jul-2017,201707,3,Q3-2017,7,July,Jul,30,209,28,6,Friday,Fri,78.8,28-07-2017,0,0,28072017,243
29072017,82346.7,462024,828016.75,274531,29072017,29-07-17,2017,Jul-2017,201707,3,Q3-2017,7,July,Jul,30,210,29,7,Saturday,Sat,71.6,29-07-2017,0,0,29072017,244
30072017,76374.34,428216,856451.44,254956,30072017,30-07-17,2017,Jul-2017,201707,3,Q3-2017,7,July,Jul,31,211,30,1,Sunday,Sun,73.4,30-07-2017,0,0,30072017,245
31072017,79562.61,430781,814169.3,265183,31072017,31-07-17,2017,Jul-2017,201707,3,Q3-2017,7,July,Jul,31,212,31,2,Monday,Mon,77,31-07-2017,0,0,31072017,246
1082017,86469.58,465823,825110,288945,1082017,01-08-17,2017,Aug-2017,201708,3,Q3-2017,8,August,Aug,31,213,1,3,Tuesday,Tue,82.4,01-08-2017,0,0,1082017,247
2082017,91905.94,495444,851662.25,306301,2082017,02-08-17,2017,Aug-2017,201708,3,Q3-2017,8,August,Aug,31,214,2,4,Wednesday,Wed,78.8,02-08-2017,1,0,2082017,248
3082017,94404.016,505930,940479.6,314611,3082017,03-08-17,2017,Aug-2017,201708,3,Q3-2017,8,August,Aug,31,215,3,5,Thursday,Thu,78.8,03-08-2017,0,0,3082017,249
4082017,89085.586,482852,880493.5,297206,4082017,04-08-17,2017,Aug-2017,201708,3,Q3-2017,8,August,Aug,31,216,4,6,Friday,Fri,77,04-08-2017,1,0,4082017,250
5082017,78976.75,445408,801569.06,263708,5082017,05-08-17,2017,Aug-2017,201708,3,Q3-2017,8,August,Aug,31,217,5,7,Saturday,Sat,73.4,05-08-2017,1,0,5082017,251
6082017,71798.64,403926,803092,239352,6082017,06-08-17,2017,Aug-2017,201708,3,Q3-2017,8,August,Aug,32,218,6,1,Sunday,Sun,69.8,06-08-2017,0,0,6082017,252
7082017,80963.71,439449,793299.7,269842,7082017,07-08-17,2017,Aug-2017,201708,3,Q3-2017,8,August,Aug,32,219,7,2,Monday,Mon,68,07-08-2017,1,0,7082017,253
8082017,83749.09,453554,832175.94,279735,8082017,08-08-17,2017,Aug-2017,201708,3,Q3-2017,8,August,Aug,32,220,8,3,Tuesday,Tue,71.6,08-08-2017,0,0,8082017,254
9082017,87751.36,473492,858007.56,293058,9082017,09-08-17,2017,Aug-2017,201708,3,Q3-2017,8,August,Aug,32,221,9,4,Wednesday,Wed,75.2,09-08-2017,0,0,9082017,255
10082017,91839.96,497363,905832,306138,10082017,10-08-17,2017,Aug-2017,201708,3,Q3-2017,8,August,Aug,32,222,10,5,Thursday,Thu,75.2,10-08-2017,0,0,10082017,256
11082017,86123.414,469725,847035.4,287102,11082017,11-08-17,2017,Aug-2017,201708,3,Q3-2017,8,August,Aug,32,223,11,6,Friday,Fri,75.2,11-08-2017,0,0,11082017,257
12082017,76282.91,431515,766351.44,254633,12082017,12-08-17,2017,Aug-2017,201708,3,Q3-2017,8,August,Aug,32,224,12,7,Saturday,Sat,71.6,12-08-2017,1,0,12082017,258
13082017,68365.055,383749,791501,227861,13082017,13-08-17,2017,Aug-2017,201708,3,Q3-2017,8,August,Aug,33,225,13,1,Sunday,Sun,77,13-08-2017,0,0,13082017,259
14082017,72547.85,392832,761105.25,241900,14082017,14-08-17,2017,Aug-2017,201708,3,Q3-2017,8,August,Aug,33,226,14,2,Monday,Mon,75.2,14-08-2017,0,0,14082017,260
15082017,82194.58,443167,798750.5,274507,15082017,15-08-17,2017,Aug-2017,201708,3,Q3-2017,8,August,Aug,33,227,15,3,Tuesday,Tue,71.6,15-08-2017,1,0,15082017,261
16082017,85459.69,459947,835883.25,285120,16082017,16-08-17,2017,Aug-2017,201708,3,Q3-2017,8,August,Aug,33,228,16,4,Wednesday,Wed,78.8,16-08-2017,0,0,16082017,262
17082017,87337.06,469098,868050.1,291076,17082017,17-08-17,2017,Aug-2017,201708,3,Q3-2017,8,August,Aug,33,229,17,5,Thursday,Thu,75.2,17-08-2017,0,0,17082017,263
18082017,86294.39,467256,822163.4,287746,18082017,18-08-17,2017,Aug-2017,201708,3,Q3-2017,8,August,Aug,33,230,18,6,Friday,Fri,78.8,18-08-2017,1,0,18082017,264
19082017,78896.89,443258,803376.2,263458,19082017,19-08-17,2017,Aug-2017,201708,3,Q3-2017,8,August,Aug,33,231,19,7,Saturday,Sat,80.6,19-08-2017,0,0,19082017,265
20082017,72029.305,403693,817578,240126,20082017,20-08-17,2017,Aug-2017,201708,3,Q3-2017,8,August,Aug,34,232,20,1,Sunday,Sun,75.2,20-08-2017,0,0,20082017,266
21082017,74965.13,403808,777936.4,249906,21082017,21-08-17,2017,Aug-2017,201708,3,Q3-2017,8,August,Aug,34,233,21,2,Monday,Mon,78.8,21-08-2017,0,0,21082017,267
22082017,85110.19,460137,820216,284356,22082017,22-08-17,2017,Aug-2017,201708,3,Q3-2017,8,August,Aug,34,234,22,3,Tuesday,Tue,80.6,22-08-2017,1,0,22082017,268
23082017,85566.54,460091,852972.2,285496,23082017,23-08-17,2017,Aug-2017,201708,3,Q3-2017,8,August,Aug,34,235,23,4,Wednesday,Wed,75.2,23-08-2017,1,0,23082017,269
24082017,84892.22,456849,857030.1,282979,24082017,24-08-17,2017,Aug-2017,201708,3,Q3-2017,8,August,Aug,34,236,24,5,Thursday,Thu,73.4,24-08-2017,0,0,24082017,270
25082017,81372.336,441446,831017.1,271449,25082017,25-08-17,2017,Aug-2017,201708,3,Q3-2017,8,August,Aug,34,237,25,6,Friday,Fri,71.6,25-08-2017,0,0,25082017,271
26082017,74770.33,419969,767029.44,249491,26082017,26-08-17,2017,Aug-2017,201708,3,Q3-2017,8,August,Aug,34,238,26,7,Saturday,Sat,69.8,26-08-2017,0,0,26082017,272
27082017,70644.51,395826,813853.25,235503,27082017,27-08-17,2017,Aug-2017,201708,3,Q3-2017,8,August,Aug,35,239,27,1,Sunday,Sun,71.6,27-08-2017,0,0,27082017,273
28082017,69344.15,373856,747543.6,231141,28082017,28-08-17,2017,Aug-2017,201708,3,Q3-2017,8,August,Aug,35,240,28,2,Monday,Mon,69.8,28-08-2017,0,0,28082017,274
29082017,83342.414,450012,794341.25,278267,29082017,29-08-17,2017,Aug-2017,201708,3,Q3-2017,8,August,Aug,35,241,29,3,Tuesday,Tue,66.2,29-08-2017,1,0,29082017,275
30082017,80372.68,434023,800182.44,267900,30082017,30-08-17,2017,Aug-2017,201708,3,Q3-2017,8,August,Aug,35,242,30,4,Wednesday,Wed,69.8,30-08-2017,1,0,30082017,276
31082017,81925.02,441959,838236.25,273151,31082017,31-08-17,2017,Aug-2017,201708,3,Q3-2017,8,August,Aug,35,243,31,5,Thursday,Thu,73.4,31-08-2017,0,0,31082017,277
31082017,39.89995,300,571.78015,133,31082017,31-08-17,2017,Aug-2017,201708,3,Q3-2017,8,August,Aug,35,243,31,5,Thursday,Thu,73.4,31-08-2017,0,0,31082017,278
1092017,24.899984,147,312.09,83,1092017,01-09-17,2017,Sep-2017,201709,3,Q3-2017,9,September,Sep,35,244,1,6,Friday,Fri,62.6,01-09-2017,0,0,1092017,279
1092017,77887.3,423312,835437.8,260043,1092017,01-09-17,2017,Sep-2017,201709,3,Q3-2017,9,September,Sep,35,244,1,6,Friday,Fri,62.6,01-09-2017,0,0,1092017,280
2092017,73097.984,417291,741991.6,243715,2092017,02-09-17,2017,Sep-2017,201709,3,Q3-2017,9,September,Sep,35,245,2,7,Saturday,Sat,60.8,02-09-2017,1,0,2092017,281
3092017,61383.44,351055,669361.3,204537,3092017,03-09-17,2017,Sep-2017,201709,3,Q3-2017,9,September,Sep,36,246,3,1,Sunday,Sun,64.4,03-09-2017,1,0,3092017,282
4092017,60984.62,342628,764453.6,203364,4092017,04-09-17,2017,Sep-2017,201709,3,Q3-2017,9,September,Sep,36,247,4,2,Monday,Mon,71.6,04-09-2017,0,0,4092017,283
5092017,82969.1,448069,856081.5,276679,5092017,05-09-17,2017,Sep-2017,201709,3,Q3-2017,9,September,Sep,36,248,5,3,Tuesday,Tue,77,05-09-2017,0,0,5092017,284
6092017,95312.71,511750,911393.1,318657,6092017,06-09-17,2017,Sep-2017,201709,3,Q3-2017,9,September,Sep,36,249,6,4,Wednesday,Wed,66.2,06-09-2017,1,0,6092017,285
7092017,98123.76,524856,954415.3,327987,7092017,07-09-17,2017,Sep-2017,201709,3,Q3-2017,9,September,Sep,36,250,7,5,Thursday,Thu,64.4,07-09-2017,1,0,7092017,286
8092017,100685.18,544273,976068.4,336097,8092017,08-09-17,2017,Sep-2017,201709,3,Q3-2017,9,September,Sep,36,251,8,6,Friday,Fri,64.4,08-09-2017,0,0,8092017,287
9092017,96216.625,539690,910936.56,320676,9092017,09-09-17,2017,Sep-2017,201709,3,Q3-2017,9,September,Sep,36,252,9,7,Saturday,Sat,62.6,09-09-2017,0,0,9092017,288
10092017,86868.65,482406,940688.06,289574,10092017,10-09-17,2017,Sep-2017,201709,3,Q3-2017,9,September,Sep,37,253,10,1,Sunday,Sun,64.4,10-09-2017,0,0,10092017,289
11092017,87686.63,470211,869464.7,292749,11092017,11-09-17,2017,Sep-2017,201709,3,Q3-2017,9,September,Sep,37,254,11,2,Monday,Mon,66.2,11-09-2017,0,0,11092017,290
12092017,95883.305,512599,919324.7,320614,12092017,12-09-17,2017,Sep-2017,201709,3,Q3-2017,9,September,Sep,37,255,12,3,Tuesday,Tue,69.8,12-09-2017,0,0,12092017,291
13092017,97460.77,521345,934682.44,325703,13092017,13-09-17,2017,Sep-2017,201709,3,Q3-2017,9,September,Sep,37,256,13,4,Wednesday,Wed,73.4,13-09-2017,1,0,13092017,292
14092017,101609.25,539294,1006007.56,339032,14092017,14-09-17,2017,Sep-2017,201709,3,Q3-2017,9,September,Sep,37,257,14,5,Thursday,Thu,75.2,14-09-2017,0,0,14092017,293
15092017,100260.625,540045,992941.3,334136,15092017,15-09-17,2017,Sep-2017,201709,3,Q3-2017,9,September,Sep,37,258,15,6,Friday,Fri,73.4,15-09-2017,0,0,15092017,294
16092017,99567.94,555568,946939.6,331845,16092017,16-09-17,2017,Sep-2017,201709,3,Q3-2017,9,September,Sep,37,259,16,7,Saturday,Sat,75.2,16-09-2017,0,0,16092017,295
17092017,86392.79,478880,956081.1,287996,17092017,17-09-17,2017,Sep-2017,201709,3,Q3-2017,9,September,Sep,38,260,17,1,Sunday,Sun,75.2,17-09-2017,0,0,17092017,296
18092017,79070.79,420931,848484.8,263989,18092017,18-09-17,2017,Sep-2017,201709,3,Q3-2017,9,September,Sep,38,261,18,2,Monday,Mon,71.6,18-09-2017,0,0,18092017,297
19092017,83746.81,446242,813464.75,279244,19092017,19-09-17,2017,Sep-2017,201709,3,Q3-2017,9,September,Sep,38,262,19,3,Tuesday,Tue,73.4,19-09-2017,1,0,19092017,298
20092017,86156.8,458209,839463.5,287126,20092017,20-09-17,2017,Sep-2017,201709,3,Q3-2017,9,September,Sep,38,263,20,4,Wednesday,Wed,75.2,20-09-2017,0,0,20092017,299
21092017,85650.62,461568,845987.6,285782,21092017,21-09-17,2017,Sep-2017,201709,3,Q3-2017,9,September,Sep,38,264,21,5,Thursday,Thu,75.2,21-09-2017,0,0,21092017,300
22092017,92005.39,499084,897375.56,307683,22092017,22-09-17,2017,Sep-2017,201709,3,Q3-2017,9,September,Sep,38,265,22,6,Friday,Fri,73.4,22-09-2017,0,0,22092017,301
23092017,97247.55,546830,927566.25,325031,23092017,23-09-17,2017,Sep-2017,201709,3,Q3-2017,9,September,Sep,38,266,23,7,Saturday,Sat,78.8,23-09-2017,0,0,23092017,302
24092017,84479.54,467904,940582.3,281595,24092017,24-09-17,2017,Sep-2017,201709,3,Q3-2017,9,September,Sep,39,267,24,1,Sunday,Sun,80.6,24-09-2017,0,0,24092017,303
25092017,86762.86,460796,887035.4,289124,25092017,25-09-17,2017,Sep-2017,201709,3,Q3-2017,9,September,Sep,39,268,25,2,Monday,Mon,78.8,25-09-2017,0,0,25092017,304
26092017,89804.375,475867,865572.06,299942,26092017,26-09-17,2017,Sep-2017,201709,3,Q3-2017,9,September,Sep,39,269,26,3,Tuesday,Tue,75.2,26-09-2017,0,0,26092017,305
27092017,98515.9,521823,940579.44,329560,27092017,27-09-17,2017,Sep-2017,201709,3,Q3-2017,9,September,Sep,39,270,27,4,Wednesday,Wed,78.8,27-09-2017,0,0,27092017,306
28092017,98910.086,524406,972525.7,330675,28092017,28-09-17,2017,Sep-2017,201709,3,Q3-2017,9,September,Sep,39,271,28,5,Thursday,Thu,69.8,28-09-2017,0,0,28092017,307
29092017,98594.02,528892,960306.8,329122,29092017,29-09-17,2017,Sep-2017,201709,3,Q3-2017,9,September,Sep,39,272,29,6,Friday,Fri,62.6,29-09-2017,0,0,29092017,308
30092017,96899.7,542230,890167.4,322931,30092017,30-09-17,2017,Sep-2017,201709,3,Q3-2017,9,September,Sep,39,273,30,7,Saturday,Sat,60.8,30-09-2017,0,0,30092017,309
30092017,84.300095,591,945.2297,283,30092017,30-09-17,2017,Sep-2017,201709,3,Q3-2017,9,September,Sep,39,273,30,7,Saturday,Sat,60.8,30-09-2017,0,0,30092017,310
1102017,32.399967,199,306.65994,108,1102017,01-10-17,2017,Oct-2017,201710,4,Q4-2017,10,October,Oct,40,274,1,1,Sunday,Sun,59,01-10-2017,0,0,1102017,311
1102017,81775.09,451437,906431.94,273131,1102017,01-10-17,2017,Oct-2017,201710,4,Q4-2017,10,October,Oct,40,274,1,1,Sunday,Sun,59,01-10-2017,0,0,1102017,312
2102017,82407.46,436178,842487.9,274707,2102017,02-10-17,2017,Oct-2017,201710,4,Q4-2017,10,October,Oct,40,275,2,2,Monday,Mon,62.6,02-10-2017,0,0,2102017,313
3102017,90726.47,480678,863872.1,302376,3102017,03-10-17,2017,Oct-2017,201710,4,Q4-2017,10,October,Oct,40,276,3,3,Tuesday,Tue,64.4,03-10-2017,0,0,3102017,314
4102017,94186.92,498006,908644.1,314736,4102017,04-10-17,2017,Oct-2017,201710,4,Q4-2017,10,October,Oct,40,277,4,4,Wednesday,Wed,66.2,04-10-2017,0,0,4102017,315
5102017,100245.77,536218,982374.44,335388,5102017,05-10-17,2017,Oct-2017,201710,4,Q4-2017,10,October,Oct,40,278,5,5,Thursday,Thu,73.4,05-10-2017,1,0,5102017,316
6102017,99136.82,536543,988439.56,331479,6102017,06-10-17,2017,Oct-2017,201710,4,Q4-2017,10,October,Oct,40,279,6,6,Friday,Fri,75.2,06-10-2017,0,0,6102017,317
7102017,97109.15,546663,932232.56,324112,7102017,07-10-17,2017,Oct-2017,201710,4,Q4-2017,10,October,Oct,40,280,7,7,Saturday,Sat,73.4,07-10-2017,0,0,7102017,318
8102017,84359.234,471395,908850.25,281176,8102017,08-10-17,2017,Oct-2017,201710,4,Q4-2017,10,October,Oct,41,281,8,1,Sunday,Sun,75.2,08-10-2017,1,0,8102017,319
9102017,77562.09,418639,821920,258585,9102017,09-10-17,2017,Oct-2017,201710,4,Q4-2017,10,October,Oct,41,282,9,2,Monday,Mon,73.4,09-10-2017,1,0,9102017,320
10102017,93468.51,497996,942641.2,312579,10102017,10-10-17,2017,Oct-2017,201710,4,Q4-2017,10,October,Oct,41,283,10,3,Tuesday,Tue,73.4,10-10-2017,0,0,10102017,321
11102017,96468.32,513668,931184,322317,11102017,11-10-17,2017,Oct-2017,201710,4,Q4-2017,10,October,Oct,41,284,11,4,Wednesday,Wed,69.8,11-10-2017,1,0,11102017,322
12102017,103243,548145,1004777.7,344450,12102017,12-10-17,2017,Oct-2017,201710,4,Q4-2017,10,October,Oct,41,285,12,5,Thursday,Thu,60.8,12-10-2017,1,0,12102017,323
13102017,101110.836,541871,993749.25,336927,13102017,13-10-17,2017,Oct-2017,201710,4,Q4-2017,10,October,Oct,41,286,13,6,Friday,Fri,60.8,13-10-2017,0,0,13102017,324
14102017,101024.32,566184,950034.2,336656,14102017,14-10-17,2017,Oct-2017,201710,4,Q4-2017,10,October,Oct,41,287,14,7,Saturday,Sat,66.2,14-10-2017,1,0,14102017,325
15102017,88200.21,489062,962522.9,293954,15102017,15-10-17,2017,Oct-2017,201710,4,Q4-2017,10,October,Oct,42,288,15,1,Sunday,Sun,69.8,15-10-2017,0,0,15102017,326
16102017,92088.61,490686,937775.9,307797,16102017,16-10-17,2017,Oct-2017,201710,4,Q4-2017,10,October,Oct,42,289,16,2,Monday,Mon,57.2,16-10-2017,1,0,16102017,327
17102017,95584.39,509547,914907.3,319689,17102017,17-10-17,2017,Oct-2017,201710,4,Q4-2017,10,October,Oct,42,290,17,3,Tuesday,Tue,50,17-10-2017,0,0,17102017,328
18102017,97963.1,519529,950433.75,327175,18102017,18-10-17,2017,Oct-2017,201710,4,Q4-2017,10,October,Oct,42,291,18,4,Wednesday,Wed,60.8,18-10-2017,0,0,18102017,329
19102017,99249.234,525641,986420.6,330806,19102017,19-10-17,2017,Oct-2017,201710,4,Q4-2017,10,October,Oct,42,292,19,5,Thursday,Thu,64.4,19-10-2017,0,0,19102017,330
20102017,101545.16,544372,1008100.9,338361,20102017,20-10-17,2017,Oct-2017,201710,4,Q4-2017,10,October,Oct,42,293,20,6,Friday,Fri,64.4,20-10-2017,0,0,20102017,331
21102017,100504.266,562959,950874.06,334895,21102017,21-10-17,2017,Oct-2017,201710,4,Q4-2017,10,October,Oct,42,294,21,7,Saturday,Sat,66.2,21-10-2017,0,0,21102017,332
22102017,86289.33,478104,952658.5,287883,22102017,22-10-17,2017,Oct-2017,201710,4,Q4-2017,10,October,Oct,43,295,22,1,Sunday,Sun,66.2,22-10-2017,0,0,22102017,333
23102017,87021.484,461623,901459.25,290762,23102017,23-10-17,2017,Oct-2017,201710,4,Q4-2017,10,October,Oct,43,296,23,2,Monday,Mon,68,23-10-2017,0,0,23102017,334
24102017,93598,494769,856921.94,312496,24102017,24-10-17,2017,Oct-2017,201710,4,Q4-2017,10,October,Oct,43,297,24,3,Tuesday,Tue,69.8,24-10-2017,1,0,24102017,335
25102017,99067.33,523251,973954.5,330122,25102017,25-10-17,2017,Oct-2017,201710,4,Q4-2017,10,October,Oct,43,298,25,4,Wednesday,Wed,62.6,25-10-2017,0,0,25102017,336
26102017,103821.28,551234,1012552.5,345961,26102017,26-10-17,2017,Oct-2017,201710,4,Q4-2017,10,October,Oct,43,299,26,5,Thursday,Thu,55.4,26-10-2017,0,0,26102017,337
27102017,104953.42,562774,1025537.1,349823,27102017,27-10-17,2017,Oct-2017,201710,4,Q4-2017,10,October,Oct,43,300,27,6,Friday,Fri,55.4,27-10-2017,0,0,27102017,338
28102017,105210.62,586832,968479,350646,28102017,28-10-17,2017,Oct-2017,201710,4,Q4-2017,10,October,Oct,43,301,28,7,Saturday,Sat,62.6,28-10-2017,0,0,28102017,339
29102017,92128.46,513509,914028.56,307496,29102017,29-10-17,2017,Oct-2017,201710,4,Q4-2017,10,October,Oct,44,302,29,1,Sunday,Sun,64.4,29-10-2017,1,0,29102017,340
30102017,89102.88,472524,873393.44,297796,30102017,30-10-17,2017,Oct-2017,201710,4,Q4-2017,10,October,Oct,44,303,30,2,Monday,Mon,53.6,30-10-2017,1,0,30102017,341
31102017,62.39989,375,579.4599,208,31102017,31-10-17,2017,Oct-2017,201710,4,Q4-2017,10,October,Oct,44,304,31,3,Tuesday,Tue,51.8,31-10-2017,0,0,31102017,342
31102017,88107.63,469920,786735.9,294143,31102017,31-10-17,2017,Oct-2017,201710,4,Q4-2017,10,October,Oct,44,304,31,3,Tuesday,Tue,51.8,31-10-2017,0,0,31102017,343
1112017,98811.56,523679,946216.6,330540,1112017,01-11-17,2017,Nov-2017,201711,4,Q4-2017,11,November,Nov,44,305,1,4,Wednesday,Wed,51.8,01-11-2017,0,0,1112017,344
1112017,18.300001,118,188.73997,61,1112017,01-11-17,2017,Nov-2017,201711,4,Q4-2017,11,November,Nov,44,305,1,4,Wednesday,Wed,51.8,01-11-2017,0,0,1112017,345
2112017,99790.85,526159,972556.44,333336,2112017,02-11-17,2017,Nov-2017,201711,4,Q4-2017,11,November,Nov,44,306,2,5,Thursday,Thu,64.4,02-11-2017,0,0,2112017,346
3112017,104137.54,557037,999623.1,347466,3112017,03-11-17,2017,Nov-2017,201711,4,Q4-2017,11,November,Nov,44,307,3,6,Friday,Fri,62.6,03-11-2017,0,0,3112017,347
4112017,106553.47,590878,951689.44,355150,4112017,04-11-17,2017,Nov-2017,201711,4,Q4-2017,11,November,Nov,44,308,4,7,Saturday,Sat,51.8,04-11-2017,0,0,4112017,348
5112017,88593.33,490164,939441.9,295337,5112017,05-11-17,2017,Nov-2017,201711,4,Q4-2017,11,November,Nov,45,309,5,1,Sunday,Sun,55.4,05-11-2017,1,0,5112017,349
6112017,89483.69,474555,921023.9,298503,6112017,06-11-17,2017,Nov-2017,201711,4,Q4-2017,11,November,Nov,45,310,6,2,Monday,Mon,55.4,06-11-2017,1,0,6112017,350
7112017,96688.39,511752,886025.56,323375,7112017,07-11-17,2017,Nov-2017,201711,4,Q4-2017,11,November,Nov,45,311,7,3,Tuesday,Tue,44.6,07-11-2017,1,0,7112017,351
8112017,98533.87,516957,933569.6,329592,8112017,08-11-17,2017,Nov-2017,201711,4,Q4-2017,11,November,Nov,45,312,8,4,Wednesday,Wed,44.6,08-11-2017,0,0,8112017,352
9112017,101832.67,536776,999457.94,340247,9112017,09-11-17,2017,Nov-2017,201711,4,Q4-2017,11,November,Nov,45,313,9,5,Thursday,Thu,46.4,09-11-2017,0,0,9112017,353
10112017,108792.84,584139,1005015.75,363219,10112017,10-11-17,2017,Nov-2017,201711,4,Q4-2017,11,November,Nov,45,314,10,6,Friday,Fri,37.4,10-11-2017,0,0,10112017,354
11112017,98771.85,546142,896907.6,329258,11112017,11-11-17,2017,Nov-2017,201711,4,Q4-2017,11,November,Nov,45,315,11,7,Saturday,Sat,30.2,11-11-2017,0,0,11112017,355
12112017,89425.88,491818,950424.5,298008,12112017,12-11-17,2017,Nov-2017,201711,4,Q4-2017,11,November,Nov,46,316,12,1,Sunday,Sun,39.2,12-11-2017,0,0,12112017,356
13112017,90430.73,473981,896841,301614,13112017,13-11-17,2017,Nov-2017,201711,4,Q4-2017,11,November,Nov,46,317,13,2,Monday,Mon,42.8,13-11-2017,1,0,13112017,357
14112017,95931.46,503520,909507.2,320738,14112017,14-11-17,2017,Nov-2017,201711,4,Q4-2017,11,November,Nov,46,318,14,3,Tuesday,Tue,42.8,14-11-2017,0,0,14112017,358
15112017,99346.78,521803,959180.1,332306,15112017,15-11-17,2017,Nov-2017,201711,4,Q4-2017,11,November,Nov,46,319,15,4,Wednesday,Wed,44.6,15-11-2017,0,0,15112017,359
16112017,103388.836,546702,998014.9,345572,16112017,16-11-17,2017,Nov-2017,201711,4,Q4-2017,11,November,Nov,46,320,16,5,Thursday,Thu,50,16-11-2017,1,0,16112017,360
17112017,105880.21,565666,1013684.3,353557,17112017,17-11-17,2017,Nov-2017,201711,4,Q4-2017,11,November,Nov,46,321,17,6,Friday,Fri,42.8,17-11-2017,0,0,17112017,361
18112017,103543.875,575219,946223.06,345346,18112017,18-11-17,2017,Nov-2017,201711,4,Q4-2017,11,November,Nov,46,322,18,7,Saturday,Sat,44.6,18-11-2017,1,0,18112017,362
19112017,89387.08,493327,904412.6,297908,19112017,19-11-17,2017,Nov-2017,201711,4,Q4-2017,11,November,Nov,47,323,19,1,Sunday,Sun,48.2,19-11-2017,1,0,19112017,363
20112017,88680.97,467983,817172.06,295538,20112017,20-11-17,2017,Nov-2017,201711,4,Q4-2017,11,November,Nov,47,324,20,2,Monday,Mon,42.8,20-11-2017,0,0,20112017,364
21112017,90732.12,482473,841467.44,303274,21112017,21-11-17,2017,Nov-2017,201711,4,Q4-2017,11,November,Nov,47,325,21,3,Tuesday,Tue,50,21-11-2017,0,0,21112017,365
22112017,88504.38,482943,802866.2,295794,22112017,22-11-17,2017,Nov-2017,201711,4,Q4-2017,11,November,Nov,47,326,22,4,Wednesday,Wed,46.4,22-11-2017,1,0,22112017,366
23112017,57708.812,328373,586877.6,192449,23112017,23-11-17,2017,Nov-2017,201711,4,Q4-2017,11,November,Nov,47,327,23,5,Thursday,Thu,37.4,23-11-2017,0,0,23112017,367
24112017,64957.93,367384,585421.94,216356,24112017,24-11-17,2017,Nov-2017,201711,4,Q4-2017,11,November,Nov,47,328,24,6,Friday,Fri,42.8,24-11-2017,0,0,24112017,368
25112017,77485.77,439092,781461.75,258237,25112017,25-11-17,2017,Nov-2017,201711,4,Q4-2017,11,November,Nov,47,329,25,7,Saturday,Sat,50,25-11-2017,0,0,25112017,369
26112017,75415.5,416562,850303.25,251377,26112017,26-11-17,2017,Nov-2017,201711,4,Q4-2017,11,November,Nov,48,330,26,1,Sunday,Sun,46.4,26-11-2017,0,0,26112017,370
27112017,83132.445,436657,863535.75,277655,27112017,27-11-17,2017,Nov-2017,201711,4,Q4-2017,11,November,Nov,48,331,27,2,Monday,Mon,44.6,27-11-2017,0,0,27112017,371
28112017,90564.61,477229,877375.9,302342,28112017,28-11-17,2017,Nov-2017,201711,4,Q4-2017,11,November,Nov,48,332,28,3,Tuesday,Tue,44.6,28-11-2017,0,0,28112017,372
29112017,93425.18,490791,880739.94,311303,29112017,29-11-17,2017,Nov-2017,201711,4,Q4-2017,11,November,Nov,48,333,29,4,Wednesday,Wed,53.6,29-11-2017,0,0,29112017,373
30112017,69.89995,526,843.3698,233,30112017,30-11-17,2017,Nov-2017,201711,4,Q4-2017,11,November,Nov,48,334,30,5,Thursday,Thu,46.4,30-11-2017,1,0,30112017,374
30112017,101779.875,536824,973124.1,339086,30112017,30-11-17,2017,Nov-2017,201711,4,Q4-2017,11,November,Nov,48,334,30,5,Thursday,Thu,46.4,30-11-2017,1,0,30112017,375
1072016,97531.914,535807,980467.44,324990,1072016,01-07-16,2016,Jul-2016,201607,3,Q3-2016,7,July,Jul,27,183,1,6,Friday,Fri,72.5,01-07-2016,1,0,1072016,376
2072016,79902.15,459537,891390.5,266276,2072016,02-07-16,2016,Jul-2016,201607,3,Q3-2016,7,July,Jul,27,184,2,7,Saturday,Sat,69.5,02-07-2016,0,0,2072016,377
3072016,69721.84,405617,750026.56,232343,3072016,03-07-16,2016,Jul-2016,201607,3,Q3-2016,7,July,Jul,28,185,3,1,Sunday,Sun,71,03-07-2016,0,0,3072016,378
4072016,68066.06,393431,783460.75,226837,4072016,04-07-16,2016,Jul-2016,201607,3,Q3-2016,7,July,Jul,28,186,4,2,Monday,Mon,75,04-07-2016,1,0,4072016,379
5072016,88004.04,485892,1255007.6,293436,5072016,05-07-16,2016,Jul-2016,201607,3,Q3-2016,7,July,Jul,28,187,5,3,Tuesday,Tue,77.5,05-07-2016,1,0,5072016,380
6072016,93113.59,500101,911666.8,311148,6072016,06-07-16,2016,Jul-2016,201607,3,Q3-2016,7,July,Jul,28,188,6,4,Wednesday,Wed,83,06-07-2016,0,0,6072016,381
7072016,105038.54,571554,988405.3,350404,7072016,07-07-16,2016,Jul-2016,201607,3,Q3-2016,7,July,Jul,28,189,7,5,Thursday,Thu,83,07-07-2016,0,0,7072016,382
8072016,104215.82,576305,983925.25,347552,8072016,08-07-16,2016,Jul-2016,201607,3,Q3-2016,7,July,Jul,28,190,8,6,Friday,Fri,76.5,08-07-2016,0,0,8072016,383
9072016,99952.78,571881,1004163.1,333013,9072016,09-07-16,2016,Jul-2016,201607,3,Q3-2016,7,July,Jul,28,191,9,7,Saturday,Sat,68.5,09-07-2016,1,0,9072016,384
10072016,90768.836,517364,4348208.5,302692,10072016,10-07-16,2016,Jul-2016,201607,3,Q3-2016,7,July,Jul,29,192,10,1,Sunday,Sun,73,10-07-2016,0,0,10072016,385
11072016,92013.85,501372,963267.56,306637,11072016,11-07-16,2016,Jul-2016,201607,3,Q3-2016,7,July,Jul,29,193,11,2,Monday,Mon,73,11-07-2016,0,0,11072016,386
12072016,102305.41,560248,995202.3,341393,12072016,12-07-16,2016,Jul-2016,201607,3,Q3-2016,7,July,Jul,29,194,12,3,Tuesday,Tue,75,12-07-2016,0,0,12072016,387
13072016,111081.99,606515,1082456.4,370677,13072016,13-07-16,2016,Jul-2016,201607,3,Q3-2016,7,July,Jul,29,195,13,4,Wednesday,Wed,78,13-07-2016,0,0,13072016,388
14072016,112163.36,616477,1119401.5,374150,14072016,14-07-16,2016,Jul-2016,201607,3,Q3-2016,7,July,Jul,29,196,14,5,Thursday,Thu,80.5,14-07-2016,1,0,14072016,389
15072016,112153.88,619984,1140427,373908,15072016,15-07-16,2016,Jul-2016,201607,3,Q3-2016,7,July,Jul,29,197,15,6,Friday,Fri,83.5,15-07-2016,0,0,15072016,390
16072016,104944.54,605175,1045858.5,350449,16072016,16-07-16,2016,Jul-2016,201607,3,Q3-2016,7,July,Jul,29,198,16,7,Saturday,Sat,82.5,16-07-2016,0,0,16072016,391
17072016,97685.74,561198,1087938.8,325670,17072016,17-07-16,2016,Jul-2016,201607,3,Q3-2016,7,July,Jul,30,199,17,1,Sunday,Sun,82,17-07-2016,0,0,17072016,392
18072016,98885.83,539912,1010368.8,329661,18072016,18-07-16,2016,Jul-2016,201607,3,Q3-2016,7,July,Jul,30,200,18,2,Monday,Mon,82.5,18-07-2016,1,0,18072016,393
19072016,103265.69,564847,1028315.75,344310,19072016,19-07-16,2016,Jul-2016,201607,3,Q3-2016,7,July,Jul,30,201,19,3,Tuesday,Tue,78,19-07-2016,0,0,19072016,394
20072016,107076.42,587807,1358663,357482,20072016,20-07-16,2016,Jul-2016,201607,3,Q3-2016,7,July,Jul,30,202,20,4,Wednesday,Wed,76.5,20-07-2016,0,0,20072016,395
21072016,108751.945,595795,1098333.5,363728,21072016,21-07-16,2016,Jul-2016,201607,3,Q3-2016,7,July,Jul,30,203,21,5,Thursday,Thu,80.5,21-07-2016,0,0,21072016,396
22072016,112707.516,624046,1122258,375854,22072016,22-07-16,2016,Jul-2016,201607,3,Q3-2016,7,July,Jul,30,204,22,6,Friday,Fri,84,22-07-2016,0,0,22072016,397
23072016,106665.11,616785,1044919.25,355724,23072016,23-07-16,2016,Jul-2016,201607,3,Q3-2016,7,July,Jul,30,205,23,7,Saturday,Sat,88,23-07-2016,0,0,23072016,398
24072016,96615.805,553855,1072778.8,322468,24072016,24-07-16,2016,Jul-2016,201607,3,Q3-2016,7,July,Jul,31,206,24,1,Sunday,Sun,84.5,24-07-2016,0,0,24072016,399
25072016,96305.195,525660,1257057,320976,25072016,25-07-16,2016,Jul-2016,201607,3,Q3-2016,7,July,Jul,31,207,25,2,Monday,Mon,83,25-07-2016,1,0,25072016,400
26072016,105218.11,576976,1591039,350450,26072016,26-07-16,2016,Jul-2016,201607,3,Q3-2016,7,July,Jul,31,208,26,3,Tuesday,Tue,80.5,26-07-2016,0,0,26072016,401
27072016,108691.35,592454,1049027.5,362177,27072016,27-07-16,2016,Jul-2016,201607,3,Q3-2016,7,July,Jul,31,209,27,4,Wednesday,Wed,82.5,27-07-2016,0,0,27072016,402
28072016,111006.62,607587,1077311.6,369819,28072016,28-07-16,2016,Jul-2016,201607,3,Q3-2016,7,July,Jul,31,210,28,5,Thursday,Thu,85,28-07-2016,0,0,28072016,403
29072016,108251.83,598187,1095159.1,360758,29072016,29-07-16,2016,Jul-2016,201607,3,Q3-2016,7,July,Jul,31,211,29,6,Friday,Fri,77,29-07-2016,1,0,29072016,404
30072016,103066.94,591202,1020321.75,343574,30072016,30-07-16,2016,Jul-2016,201607,3,Q3-2016,7,July,Jul,31,212,30,7,Saturday,Sat,78.5,30-07-2016,1,0,30072016,405
31072016,91649.58,524631,1233539.9,305523,31072016,31-07-16,2016,Jul-2016,201607,3,Q3-2016,7,July,Jul,32,213,31,1,Sunday,Sun,74.5,31-07-2016,1,0,31072016,406
1082016,92588.67,507500,995101.44,308762,1082016,01-08-16,2016,Aug-2016,201608,3,Q3-2016,8,August,Aug,32,214,1,2,Monday,Mon,74.5,01-08-2016,0,0,1082016,407
2082016,99266.55,544367,988270.25,330690,2082016,02-08-16,2016,Aug-2016,201608,3,Q3-2016,8,August,Aug,32,215,2,3,Tuesday,Tue,73.5,02-08-2016,0,0,2082016,408
3082016,101931.36,558909,1436464.8,339751,3082016,03-08-16,2016,Aug-2016,201608,3,Q3-2016,8,August,Aug,32,216,3,4,Wednesday,Wed,73,03-08-2016,0,0,3082016,409
4082016,106096.99,581802,1283730.8,353411,4082016,04-08-16,2016,Aug-2016,201608,3,Q3-2016,8,August,Aug,32,217,4,5,Thursday,Thu,74,04-08-2016,0,0,4082016,410
5082016,103029.47,572462,1025560.06,343476,5082016,05-08-16,2016,Aug-2016,201608,3,Q3-2016,8,August,Aug,32,218,5,6,Friday,Fri,76,05-08-2016,0,0,5082016,411
6082016,97371.33,561260,963502.6,324402,6082016,06-08-16,2016,Aug-2016,201608,3,Q3-2016,8,August,Aug,32,219,6,7,Saturday,Sat,79.5,06-08-2016,0,0,6082016,412
7082016,87549.836,502022,988172.25,291897,7082016,07-08-16,2016,Aug-2016,201608,3,Q3-2016,8,August,Aug,33,220,7,1,Sunday,Sun,78,07-08-2016,0,0,7082016,413
8082016,87469.75,478279,908602.56,291540,8082016,08-08-16,2016,Aug-2016,201608,3,Q3-2016,8,August,Aug,33,221,8,2,Monday,Mon,78.5,08-08-2016,0,0,8082016,414
9082016,98049,539269,1125966.1,327187,9082016,09-08-16,2016,Aug-2016,201608,3,Q3-2016,8,August,Aug,33,222,9,3,Tuesday,Tue,79,09-08-2016,0,0,9082016,415
10082016,103395.41,564478,991225.44,345235,10082016,10-08-16,2016,Aug-2016,201608,3,Q3-2016,8,August,Aug,33,223,10,4,Wednesday,Wed,80.5,10-08-2016,0,0,10082016,416
11082016,109334.4,602300,1039809.9,364860,11082016,11-08-16,2016,Aug-2016,201608,3,Q3-2016,8,August,Aug,33,224,11,5,Thursday,Thu,82.5,11-08-2016,1,0,11082016,417
12082016,107860.76,596307,1064499.5,359868,12082016,12-08-16,2016,Aug-2016,201608,3,Q3-2016,8,August,Aug,33,225,12,6,Friday,Fri,83,12-08-2016,1,0,12082016,418
13082016,101520.81,585529,990630.6,338325,13082016,13-08-16,2016,Aug-2016,201608,3,Q3-2016,8,August,Aug,33,226,13,7,Saturday,Sat,88.5,13-08-2016,0,0,13082016,419
14082016,86326.04,492989,927967.25,287668,14082016,14-08-16,2016,Aug-2016,201608,3,Q3-2016,8,August,Aug,34,227,14,1,Sunday,Sun,86,14-08-2016,0,0,14082016,420
15082016,91806.805,503981,964775.7,306100,15082016,15-08-16,2016,Aug-2016,201608,3,Q3-2016,8,August,Aug,34,228,15,2,Monday,Mon,84.5,15-08-2016,0,0,15082016,421
16082016,99838.98,547688,945435.3,333615,16082016,16-08-16,2016,Aug-2016,201608,3,Q3-2016,8,August,Aug,34,229,16,3,Tuesday,Tue,82.5,16-08-2016,1,0,16082016,422
17082016,100220.83,552045,986774.25,335237,17082016,17-08-16,2016,Aug-2016,201608,3,Q3-2016,8,August,Aug,34,230,17,4,Wednesday,Wed,81,17-08-2016,0,0,17082016,423
18082016,102814.21,566149,1323139.4,343959,18082016,18-08-16,2016,Aug-2016,201608,3,Q3-2016,8,August,Aug,34,231,18,5,Thursday,Thu,78.5,18-08-2016,0,0,18082016,424
19082016,101310.92,562643,1019639.2,338709,19082016,19-08-16,2016,Aug-2016,201608,3,Q3-2016,8,August,Aug,34,232,19,6,Friday,Fri,81,19-08-2016,0,0,19082016,425
20082016,94236.31,541457,8902596,314436,20082016,20-08-16,2016,Aug-2016,201608,3,Q3-2016,8,August,Aug,34,233,20,7,Saturday,Sat,76.5,20-08-2016,1,0,20082016,426
21082016,87154.39,495930,961505,290441,21082016,21-08-16,2016,Aug-2016,201608,3,Q3-2016,8,August,Aug,35,234,21,1,Sunday,Sun,79.5,21-08-2016,1,0,21082016,427
22082016,84980.945,464879,918181.25,283148,22082016,22-08-16,2016,Aug-2016,201608,3,Q3-2016,8,August,Aug,35,235,22,2,Monday,Mon,72,22-08-2016,0,0,22082016,428
23082016,91504.55,503206,913665.8,305068,23082016,23-08-16,2016,Aug-2016,201608,3,Q3-2016,8,August,Aug,35,236,23,3,Tuesday,Tue,71.5,23-08-2016,0,0,23082016,429
24082016,96407.19,528583,953758.75,321490,24082016,24-08-16,2016,Aug-2016,201608,3,Q3-2016,8,August,Aug,35,237,24,4,Wednesday,Wed,78,24-08-2016,0,0,24082016,430
25082016,99673.914,546877,1000732.06,332810,25082016,25-08-16,2016,Aug-2016,201608,3,Q3-2016,8,August,Aug,35,238,25,5,Thursday,Thu,77.5,25-08-2016,0,0,25082016,431
26082016,97434.805,540648,987785.44,325712,26082016,26-08-16,2016,Aug-2016,201608,3,Q3-2016,8,August,Aug,35,239,26,6,Friday,Fri,82.5,26-08-2016,0,0,26082016,432
27082016,92508.016,534781,937793.8,309307,27082016,27-08-16,2016,Aug-2016,201608,3,Q3-2016,8,August,Aug,35,240,27,7,Saturday,Sat,81,27-08-2016,0,0,27082016,433
28082016,85735.555,490717,962075.5,286052,28082016,28-08-16,2016,Aug-2016,201608,3,Q3-2016,8,August,Aug,36,241,28,1,Sunday,Sun,80.5,28-08-2016,0,0,28082016,434
29082016,86292.984,472372,912473.1,287726,29082016,29-08-16,2016,Aug-2016,201608,3,Q3-2016,8,August,Aug,36,242,29,2,Monday,Mon,82.5,29-08-2016,0,0,29082016,435
30082016,90132.49,491870,887664.1,300429,30082016,30-08-16,2016,Aug-2016,201608,3,Q3-2016,8,August,Aug,36,243,30,3,Tuesday,Tue,77.5,30-08-2016,0,0,30082016,436
31082016,96184.984,524536,948617.4,320951,31082016,31-08-16,2016,Aug-2016,201608,3,Q3-2016,8,August,Aug,36,244,31,4,Wednesday,Wed,81.5,31-08-2016,0,0,31082016,437
1092016,98679.42,537799,985322.4,328731,1092016,01-09-16,2016,Sep-2016,201609,3,Q3-2016,9,September,Sep,36,245,1,5,Thursday,Thu,74,01-09-2016,1,0,1092016,438
2092016,90530.016,503392,959443.5,302022,2092016,02-09-16,2016,Sep-2016,201609,3,Q3-2016,9,September,Sep,36,246,2,6,Friday,Fri,73.5,02-09-2016,0,0,2092016,439
3092016,81127.71,472174,851422.6,270399,3092016,03-09-16,2016,Sep-2016,201609,3,Q3-2016,9,September,Sep,36,247,3,7,Saturday,Sat,70.5,03-09-2016,0,0,3092016,440
4092016,74020.61,431728,806006.4,246689,4092016,04-09-16,2016,Sep-2016,201609,3,Q3-2016,9,September,Sep,37,248,4,1,Sunday,Sun,72.5,04-09-2016,0,0,4092016,441
5092016,70296.48,402469,871433.2,234286,5092016,05-09-16,2016,Sep-2016,201609,3,Q3-2016,9,September,Sep,37,249,5,2,Monday,Mon,74.5,05-09-2016,0,0,5092016,442
6092016,95990.445,523549,1276987.1,320607,6092016,06-09-16,2016,Sep-2016,201609,3,Q3-2016,9,September,Sep,37,250,6,3,Tuesday,Tue,75.5,06-09-2016,0,0,6092016,443
7092016,105272.85,570805,1025329.7,352110,7092016,07-09-16,2016,Sep-2016,201609,3,Q3-2016,9,September,Sep,37,251,7,4,Wednesday,Wed,78,07-09-2016,0,0,7092016,444
8092016,112035.92,608513,1097973.2,374100,8092016,08-09-16,2016,Sep-2016,201609,3,Q3-2016,9,September,Sep,37,252,8,5,Thursday,Thu,80,08-09-2016,0,0,8092016,445
9092016,115007.21,628162,4293775,383524,9092016,09-09-16,2016,Sep-2016,201609,3,Q3-2016,9,September,Sep,37,253,9,6,Friday,Fri,83,09-09-2016,1,0,9092016,446
10092016,117202.02,666401,1110730.2,391609,10092016,10-09-16,2016,Sep-2016,201609,3,Q3-2016,9,September,Sep,37,254,10,7,Saturday,Sat,82,10-09-2016,0,0,10092016,447
11092016,101808.48,573644,1101315.5,339972,11092016,11-09-16,2016,Sep-2016,201609,3,Q3-2016,9,September,Sep,38,255,11,1,Sunday,Sun,75,11-09-2016,0,0,11092016,448
12092016,91676.375,489351,1004849.25,306087,12092016,12-09-16,2016,Sep-2016,201609,3,Q3-2016,9,September,Sep,38,256,12,2,Monday,Mon,70,12-09-2016,0,0,12092016,449
13092016,102744.836,552603,1011799,342943,13092016,13-09-16,2016,Sep-2016,201609,3,Q3-2016,9,September,Sep,38,257,13,3,Tuesday,Tue,73.5,13-09-2016,0,0,13092016,450
14092016,106326.07,573910,1145467.4,354721,14092016,14-09-16,2016,Sep-2016,201609,3,Q3-2016,9,September,Sep,38,258,14,4,Wednesday,Wed,79,14-09-2016,1,0,14092016,451
15092016,109609.22,590625,4616613,365148,15092016,15-09-16,2016,Sep-2016,201609,3,Q3-2016,9,September,Sep,38,259,15,5,Thursday,Thu,67.5,15-09-2016,0,0,15092016,452
16092016,111465.86,605360,3127912.5,371738,16092016,16-09-16,2016,Sep-2016,201609,3,Q3-2016,9,September,Sep,38,260,16,6,Friday,Fri,67,16-09-2016,0,0,16092016,453
17092016,112525.03,638167,13534976,375619,17092016,17-09-16,2016,Sep-2016,201609,3,Q3-2016,9,September,Sep,38,261,17,7,Saturday,Sat,68,17-09-2016,0,0,17092016,454
18092016,99574.29,560212,11010552,332291,18092016,18-09-16,2016,Sep-2016,201609,3,Q3-2016,9,September,Sep,39,262,18,1,Sunday,Sun,76,18-09-2016,0,0,18092016,455
19092016,88011.68,478081,8823589,293917,19092016,19-09-16,2016,Sep-2016,201609,3,Q3-2016,9,September,Sep,39,263,19,2,Monday,Mon,72.5,19-09-2016,1,0,19092016,456
20092016,94264.26,509005,956998.8,315049,20092016,20-09-16,2016,Sep-2016,201609,3,Q3-2016,9,September,Sep,39,264,20,3,Tuesday,Tue,75,20-09-2016,0,0,20092016,457
21092016,97575.336,525869,9246419,325578,21092016,21-09-16,2016,Sep-2016,201609,3,Q3-2016,9,September,Sep,39,265,21,4,Wednesday,Wed,76,21-09-2016,0,0,21092016,458
22092016,104850.7,568194,1077615,349716,22092016,22-09-16,2016,Sep-2016,201609,3,Q3-2016,9,September,Sep,39,266,22,5,Thursday,Thu,75.5,22-09-2016,0,0,22092016,459
23092016,107838.336,585517,1094777.8,359645,23092016,23-09-16,2016,Sep-2016,201609,3,Q3-2016,9,September,Sep,39,267,23,6,Friday,Fri,75.5,23-09-2016,0,0,23092016,460
24092016,113312.47,643928,1162823.8,378181,24092016,24-09-16,2016,Sep-2016,201609,3,Q3-2016,9,September,Sep,39,268,24,7,Saturday,Sat,64.5,24-09-2016,1,0,24092016,461
25092016,101284,568269,1126036.8,337791,25092016,25-09-16,2016,Sep-2016,201609,3,Q3-2016,9,September,Sep,40,269,25,1,Sunday,Sun,62,25-09-2016,0,0,25092016,462
26092016,96362.51,518528,15687461,320999,26092016,26-09-16,2016,Sep-2016,201609,3,Q3-2016,9,September,Sep,40,270,26,2,Monday,Mon,64,26-09-2016,0,0,26092016,463
27092016,102616.9,550398,984776.2,342012,27092016,27-09-16,2016,Sep-2016,201609,3,Q3-2016,9,September,Sep,40,271,27,3,Tuesday,Tue,69,27-09-2016,1,0,27092016,464
28092016,108136.555,580716,1034459.25,360689,28092016,28-09-16,2016,Sep-2016,201609,3,Q3-2016,9,September,Sep,40,272,28,4,Wednesday,Wed,62.5,28-09-2016,0,0,28092016,465
29092016,110240.375,593091,1095611.5,367890,29092016,29-09-16,2016,Sep-2016,201609,3,Q3-2016,9,September,Sep,40,273,29,5,Thursday,Thu,60.5,29-09-2016,0,0,29092016,466
30092016,111281.9,607724,1102004.8,371954,30092016,30-09-16,2016,Sep-2016,201609,3,Q3-2016,9,September,Sep,40,274,30,6,Friday,Fri,57.5,30-09-2016,1,0,30092016,467
1102016,109954.47,626606,1090754.1,368085,1102016,01-10-16,2016,Oct-2016,201610,4,Q4-2016,10,October,Oct,40,275,1,7,Saturday,Sat,59,01-10-2016,0,0,1102016,468
2102016,97151.33,546252,1068555,324835,2102016,02-10-16,2016,Oct-2016,201610,4,Q4-2016,10,October,Oct,41,276,2,1,Sunday,Sun,60,02-10-2016,0,0,2102016,469
3102016,86608.39,471035,897011.25,288557,3102016,03-10-16,2016,Oct-2016,201610,4,Q4-2016,10,October,Oct,41,277,3,2,Monday,Mon,66,03-10-2016,0,0,3102016,470
4102016,95917.9,515617,936983.3,319555,4102016,04-10-16,2016,Oct-2016,201610,4,Q4-2016,10,October,Oct,41,278,4,3,Tuesday,Tue,64.5,04-10-2016,0,0,4102016,471
5102016,107154.266,575667,1054971.1,358090,5102016,05-10-16,2016,Oct-2016,201610,4,Q4-2016,10,October,Oct,41,279,5,4,Wednesday,Wed,60,05-10-2016,0,0,5102016,472
6102016,110851.266,601016,1111820.9,370539,6102016,06-10-16,2016,Oct-2016,201610,4,Q4-2016,10,October,Oct,41,280,6,5,Thursday,Thu,64,06-10-2016,0,0,6102016,473
7102016,109569.19,600853,1105614.8,366376,7102016,07-10-16,2016,Oct-2016,201610,4,Q4-2016,10,October,Oct,41,281,7,6,Friday,Fri,66,07-10-2016,0,0,7102016,474
8102016,113427.6,644829,1393185.9,378088,8102016,08-10-16,2016,Oct-2016,201610,4,Q4-2016,10,October,Oct,41,282,8,7,Saturday,Sat,63,08-10-2016,1,0,8102016,475
9102016,100129.49,568258,1050476.5,333626,9102016,09-10-16,2016,Oct-2016,201610,4,Q4-2016,10,October,Oct,42,283,9,1,Sunday,Sun,58,09-10-2016,1,0,9102016,476
10102016,87575.19,479982,942581.56,291791,10102016,10-10-16,2016,Oct-2016,201610,4,Q4-2016,10,October,Oct,42,284,10,2,Monday,Mon,55.5,10-10-2016,0,0,10102016,477
11102016,96297.39,519739,933400.75,321694,11102016,11-10-16,2016,Oct-2016,201610,4,Q4-2016,10,October,Oct,42,285,11,3,Tuesday,Tue,54.5,11-10-2016,0,0,11102016,478
12102016,95771.86,524428,933372.9,320177,12102016,12-10-16,2016,Oct-2016,201610,4,Q4-2016,10,October,Oct,42,286,12,4,Wednesday,Wed,59.5,12-10-2016,0,0,12102016,479
13102016,110003.94,593234,1083897.6,367959,13102016,13-10-16,2016,Oct-2016,201610,4,Q4-2016,10,October,Oct,42,287,13,5,Thursday,Thu,60,13-10-2016,0,0,13102016,480
14102016,113742.67,622827,1130617.1,380513,14102016,14-10-16,2016,Oct-2016,201610,4,Q4-2016,10,October,Oct,42,288,14,6,Friday,Fri,54.5,14-10-2016,0,0,14102016,481
15102016,114013.77,649495,11186766,381537,15102016,15-10-16,2016,Oct-2016,201610,4,Q4-2016,10,October,Oct,42,289,15,7,Saturday,Sat,55,15-10-2016,0,0,15102016,482
16102016,100352.805,566041,1403646.1,335589,16102016,16-10-16,2016,Oct-2016,201610,4,Q4-2016,10,October,Oct,43,290,16,1,Sunday,Sun,61,16-10-2016,0,0,16102016,483
17102016,94747.31,509987,1291200.2,315861,17102016,17-10-16,2016,Oct-2016,201610,4,Q4-2016,10,October,Oct,43,291,17,2,Monday,Mon,72,17-10-2016,0,0,17102016,484
18102016,101877.33,546039,11055650,339332,18102016,18-10-16,2016,Oct-2016,201610,4,Q4-2016,10,October,Oct,43,292,18,3,Tuesday,Tue,74,18-10-2016,0,0,18102016,485
19102016,106577.64,571604,1045672.4,355020,19102016,19-10-16,2016,Oct-2016,201610,4,Q4-2016,10,October,Oct,43,293,19,4,Wednesday,Wed,75,19-10-2016,0,0,19102016,486
20102016,109925.94,589779,1101469.1,366184,20102016,20-10-16,2016,Oct-2016,201610,4,Q4-2016,10,October,Oct,43,294,20,5,Thursday,Thu,66,20-10-2016,0,0,20102016,487
21102016,112979.766,614579,6112261,376369,21102016,21-10-16,2016,Oct-2016,201610,4,Q4-2016,10,October,Oct,43,295,21,6,Friday,Fri,63,21-10-2016,1,0,21102016,488
22102016,120598.484,685870,1126557.5,401855,22102016,22-10-16,2016,Oct-2016,201610,4,Q4-2016,10,October,Oct,43,296,22,7,Saturday,Sat,52,22-10-2016,1,0,22102016,489
23102016,102992.7,579781,1141454.2,343516,23102016,23-10-16,2016,Oct-2016,201610,4,Q4-2016,10,October,Oct,44,297,23,1,Sunday,Sun,53,23-10-2016,0,0,23102016,490
24102016,98059.516,529067,1002384.6,326669,24102016,24-10-16,2016,Oct-2016,201610,4,Q4-2016,10,October,Oct,44,298,24,2,Monday,Mon,54.5,24-10-2016,0,0,24102016,491
25102016,107983.92,578112,1035054.9,359918,25102016,25-10-16,2016,Oct-2016,201610,4,Q4-2016,10,October,Oct,44,299,25,3,Tuesday,Tue,47.5,25-10-2016,0,0,25102016,492
26102016,109968.14,592509,1066974.5,366660,26102016,26-10-16,2016,Oct-2016,201610,4,Q4-2016,10,October,Oct,44,300,26,4,Wednesday,Wed,44.5,26-10-2016,0,0,26102016,493
27102016,108918.89,585055,1356133.8,363272,27102016,27-10-16,2016,Oct-2016,201610,4,Q4-2016,10,October,Oct,44,301,27,5,Thursday,Thu,47.5,27-10-2016,1,0,27102016,494
28102016,116108.78,633980,1160251.8,387361,28102016,28-10-16,2016,Oct-2016,201610,4,Q4-2016,10,October,Oct,44,302,28,6,Friday,Fri,46.5,28-10-2016,0,0,28102016,495
29102016,117107.37,663727,1128491,390484,29102016,29-10-16,2016,Oct-2016,201610,4,Q4-2016,10,October,Oct,44,303,29,7,Saturday,Sat,51.5,29-10-2016,0,0,29102016,496
30102016,103400.46,583484,1789274.6,344633,30102016,30-10-16,2016,Oct-2016,201610,4,Q4-2016,10,October,Oct,45,304,30,1,Sunday,Sun,65,30-10-2016,1,0,30102016,497
31102016,93039.25,503235,920264.75,310480,31102016,31-10-16,2016,Oct-2016,201610,4,Q4-2016,10,October,Oct,45,305,31,2,Monday,Mon,49,31-10-2016,0,0,31102016,498
1112016,106625.45,573861,1040082.25,355423,1112016,01-11-16,2016,Nov-2016,201611,4,Q4-2016,11,November,Nov,45,306,1,3,Tuesday,Tue,49,01-11-2016,0,0,1112016,499
2112016,104016.87,556582,997604.4,346670,2112016,02-11-16,2016,Nov-2016,201611,4,Q4-2016,11,November,Nov,45,307,2,4,Wednesday,Wed,62,02-11-2016,0,0,2112016,500
3112016,112101.61,601322,1107236.9,373793,3112016,03-11-16,2016,Nov-2016,201611,4,Q4-2016,11,November,Nov,45,308,3,5,Thursday,Thu,64.5,03-11-2016,0,0,3112016,501
4112016,113624.34,619150,1127356.2,378670,4112016,04-11-16,2016,Nov-2016,201611,4,Q4-2016,11,November,Nov,45,309,4,6,Friday,Fri,54,04-11-2016,0,0,4112016,502
5112016,117705.266,667363,1083928.2,392295,5112016,05-11-16,2016,Nov-2016,201611,4,Q4-2016,11,November,Nov,45,310,5,7,Saturday,Sat,53,05-11-2016,0,0,5112016,503
6112016,100995.04,570725,1092587.9,336730,6112016,06-11-16,2016,Nov-2016,201611,4,Q4-2016,11,November,Nov,46,311,6,1,Sunday,Sun,52,06-11-2016,0,0,6112016,504
7112016,96845.56,519982,972413.06,322666,7112016,07-11-16,2016,Nov-2016,201611,4,Q4-2016,11,November,Nov,46,312,7,2,Monday,Mon,47,07-11-2016,0,0,7112016,505
8112016,95737.484,512274,899635.9,318981,8112016,08-11-16,2016,Nov-2016,201611,4,Q4-2016,11,November,Nov,46,313,8,3,Tuesday,Tue,53.5,08-11-2016,0,0,8112016,506
9112016,106554.484,568912,1034324.94,355018,9112016,09-11-16,2016,Nov-2016,201611,4,Q4-2016,11,November,Nov,46,314,9,4,Wednesday,Wed,54,09-11-2016,0,0,9112016,507
10112016,107778.51,577658,1060115.1,359630,10112016,10-11-16,2016,Nov-2016,201611,4,Q4-2016,11,November,Nov,46,315,10,5,Thursday,Thu,48,10-11-2016,0,0,10112016,508
11112016,109501,603927,1087155.6,365267,11112016,11-11-16,2016,Nov-2016,201611,4,Q4-2016,11,November,Nov,46,316,11,6,Friday,Fri,52,11-11-2016,0,0,11112016,509
12112016,114750.33,648738,1073356.5,382598,12112016,12-11-16,2016,Nov-2016,201611,4,Q4-2016,11,November,Nov,46,317,12,7,Saturday,Sat,43.5,12-11-2016,0,0,12112016,510
13112016,101500.07,570451,1447895.9,339631,13112016,13-11-16,2016,Nov-2016,201611,4,Q4-2016,11,November,Nov,47,318,13,1,Sunday,Sun,51,13-11-2016,0,0,13112016,511
14112016,95575.234,509024,1008180.06,319067,14112016,14-11-16,2016,Nov-2016,201611,4,Q4-2016,11,November,Nov,47,319,14,2,Monday,Mon,54,14-11-2016,0,0,14112016,512
15112016,104915.44,558322,998687.06,349883,15112016,15-11-16,2016,Nov-2016,201611,4,Q4-2016,11,November,Nov,47,320,15,3,Tuesday,Tue,51.5,15-11-2016,1,0,15112016,513
16112016,104503.67,557004,1049888.8,348325,16112016,16-11-16,2016,Nov-2016,201611,4,Q4-2016,11,November,Nov,47,321,16,4,Wednesday,Wed,53,16-11-2016,0,0,16112016,514
17112016,107984.32,576213,1074637.4,359986,17112016,17-11-16,2016,Nov-2016,201611,4,Q4-2016,11,November,Nov,47,322,17,5,Thursday,Thu,55,17-11-2016,0,0,17112016,515
18112016,111350.195,602653,1108624.2,372328,18112016,18-11-16,2016,Nov-2016,201611,4,Q4-2016,11,November,Nov,47,323,18,6,Friday,Fri,54,18-11-2016,0,0,18112016,516
19112016,114970.93,650202,1074600.6,384371,19112016,19-11-16,2016,Nov-2016,201611,4,Q4-2016,11,November,Nov,47,324,19,7,Saturday,Sat,50,19-11-2016,1,0,19112016,517
20112016,101101.09,569841,1002379.06,337966,20112016,20-11-16,2016,Nov-2016,201611,4,Q4-2016,11,November,Nov,48,325,20,1,Sunday,Sun,38,20-11-2016,1,0,20112016,518
21112016,98297.375,528174,899530.94,328811,21112016,21-11-16,2016,Nov-2016,201611,4,Q4-2016,11,November,Nov,48,326,21,2,Monday,Mon,38.5,21-11-2016,0,0,21112016,519
22112016,103269.414,553840,959451,345462,22112016,22-11-16,2016,Nov-2016,201611,4,Q4-2016,11,November,Nov,48,327,22,3,Tuesday,Tue,39,22-11-2016,0,0,22112016,520
23112016,97280.3,536093,918345.4,325062,23112016,23-11-16,2016,Nov-2016,201611,4,Q4-2016,11,November,Nov,48,328,23,4,Wednesday,Wed,40,23-11-2016,0,0,23112016,521
24112016,65940.59,379260,687534.9,219830,24112016,24-11-16,2016,Nov-2016,201611,4,Q4-2016,11,November,Nov,48,329,24,5,Thursday,Thu,43,24-11-2016,0,0,24112016,522
25112016,73159.164,423385,670486.7,244016,25112016,25-11-16,2016,Nov-2016,201611,4,Q4-2016,11,November,Nov,48,330,25,6,Friday,Fri,49.5,25-11-2016,0,0,25112016,523
26112016,88995.7,513965,893134.75,297411,26112016,26-11-16,2016,Nov-2016,201611,4,Q4-2016,11,November,Nov,48,331,26,7,Saturday,Sat,45,26-11-2016,0,0,26112016,524
27112016,84777.31,478185,975144.9,282571,27112016,27-11-16,2016,Nov-2016,201611,4,Q4-2016,11,November,Nov,49,332,27,1,Sunday,Sun,44.5,27-11-2016,0,0,27112016,525
28112016,89551.31,476300,949032.44,298385,28112016,28-11-16,2016,Nov-2016,201611,4,Q4-2016,11,November,Nov,49,333,28,2,Monday,Mon,45,28-11-2016,0,0,28112016,526
29112016,97165.94,516617,900911.5,323949,29112016,29-11-16,2016,Nov-2016,201611,4,Q4-2016,11,November,Nov,49,334,29,3,Tuesday,Tue,55.5,29-11-2016,1,0,29112016,527
30112016,101016.27,539942,944017,337332,30112016,30-11-16,2016,Nov-2016,201611,4,Q4-2016,11,November,Nov,49,335,30,4,Wednesday,Wed,54,30-11-2016,1,0,30112016,528
1122016,109078.664,585375,1056738.1,364949,1122016,01-12-16,2016,Dec-2016,201612,4,Q4-2016,12,December,Dec,49,336,1,5,Thursday,Thu,48,01-12-2016,0,0,1122016,529
2122016,116909.7,636510,1111148.6,390235,2122016,02-12-16,2016,Dec-2016,201612,4,Q4-2016,12,December,Dec,49,337,2,6,Friday,Fri,45.5,02-12-2016,0,0,2122016,530
3122016,120122.48,681740,1090744.5,400785,3122016,03-12-16,2016,Dec-2016,201612,4,Q4-2016,12,December,Dec,49,338,3,7,Saturday,Sat,44,03-12-2016,0,0,3122016,531
4122016,104022.5,583597,1085950.6,346550,4122016,04-12-16,2016,Dec-2016,201612,4,Q4-2016,12,December,Dec,50,339,4,1,Sunday,Sun,43,04-12-2016,0,0,4122016,532
5122016,100103.34,534753,992843.4,333589,5122016,05-12-16,2016,Dec-2016,201612,4,Q4-2016,12,December,Dec,50,340,5,2,Monday,Mon,43.5,05-12-2016,1,0,5122016,533
6122016,105188.18,561856,991968.25,350832,6122016,06-12-16,2016,Dec-2016,201612,4,Q4-2016,12,December,Dec,50,341,6,3,Tuesday,Tue,41.5,06-12-2016,1,0,6122016,534
7122016,108204.2,581304,1054750.5,361705,7122016,07-12-16,2016,Dec-2016,201612,4,Q4-2016,12,December,Dec,50,342,7,4,Wednesday,Wed,43,07-12-2016,0,0,7122016,535
8122016,112854.14,604857,1120676.5,377374,8122016,08-12-16,2016,Dec-2016,201612,4,Q4-2016,12,December,Dec,50,343,8,5,Thursday,Thu,40,08-12-2016,0,0,8122016,536
9122016,121171.94,660597,1170715.6,405547,9122016,09-12-16,2016,Dec-2016,201612,4,Q4-2016,12,December,Dec,50,344,9,6,Friday,Fri,34,09-12-2016,0,0,9122016,537
10122016,123126.54,700843,1127927.2,412173,10122016,10-12-16,2016,Dec-2016,201612,4,Q4-2016,12,December,Dec,50,345,10,7,Saturday,Sat,31.5,10-12-2016,0,0,10122016,538
11122016,102098.41,578312,1075409.9,341580,11122016,11-12-16,2016,Dec-2016,201612,4,Q4-2016,12,December,Dec,51,346,11,1,Sunday,Sun,31.5,11-12-2016,0,1,11122016,539
12122016,98724.58,529497,987044.2,330215,12122016,12-12-16,2016,Dec-2016,201612,4,Q4-2016,12,December,Dec,51,347,12,2,Monday,Mon,40,12-12-2016,1,0,12122016,540
13122016,105566.83,562924,992948.4,352855,13122016,13-12-16,2016,Dec-2016,201612,4,Q4-2016,12,December,Dec,51,348,13,3,Tuesday,Tue,39,13-12-2016,0,0,13122016,541
14122016,112198.555,599350,1061736.9,375027,14122016,14-12-16,2016,Dec-2016,201612,4,Q4-2016,12,December,Dec,51,349,14,4,Wednesday,Wed,38,14-12-2016,0,0,14122016,542
15122016,120860.16,650316,1143847,404341,15122016,15-12-16,2016,Dec-2016,201612,4,Q4-2016,12,December,Dec,51,350,15,5,Thursday,Thu,26.5,15-12-2016,0,0,15122016,543
16122016,125251.17,682350,1220022.1,419164,16122016,16-12-16,2016,Dec-2016,201612,4,Q4-2016,12,December,Dec,51,351,16,6,Friday,Fri,22,16-12-2016,0,0,16122016,544
17122016,116701.58,665355,1084245.8,390324,17122016,17-12-16,2016,Dec-2016,201612,4,Q4-2016,12,December,Dec,51,352,17,7,Saturday,Sat,31.5,17-12-2016,1,1,17122016,545
18122016,104935.44,594852,1059408.5,350864,18122016,18-12-16,2016,Dec-2016,201612,4,Q4-2016,12,December,Dec,52,353,18,1,Sunday,Sun,44.5,18-12-2016,0,0,18122016,546
19122016,103884.81,563155,969104.06,347163,19122016,19-12-16,2016,Dec-2016,201612,4,Q4-2016,12,December,Dec,52,354,19,2,Monday,Mon,27,19-12-2016,0,0,19122016,547
20122016,107034.55,575880,966819.5,356840,20122016,20-12-16,2016,Dec-2016,201612,4,Q4-2016,12,December,Dec,52,355,20,3,Tuesday,Tue,26.5,20-12-2016,0,0,20122016,548
21122016,105186.53,568215,968533.7,350458,21122016,21-12-16,2016,Dec-2016,201612,4,Q4-2016,12,December,Dec,52,356,21,4,Wednesday,Wed,35,21-12-2016,0,0,21122016,549
22122016,102077.35,555047,944053.75,340109,22122016,22-12-16,2016,Dec-2016,201612,4,Q4-2016,12,December,Dec,52,357,22,5,Thursday,Thu,43,22-12-2016,0,0,22122016,550
23122016,94746.41,523930,899103.9,315757,23122016,23-12-16,2016,Dec-2016,201612,4,Q4-2016,12,December,Dec,52,358,23,6,Friday,Fri,42.5,23-12-2016,0,0,23122016,551
24122016,76258.125,433927,713079.6,254228,24122016,24-12-16,2016,Dec-2016,201612,4,Q4-2016,12,December,Dec,52,359,24,7,Saturday,Sat,42.5,24-12-2016,1,0,24122016,552
25122016,50380.867,294545,543301.5,167893,25122016,25-12-16,2016,Dec-2016,201612,4,Q4-2016,12,December,Dec,53,360,25,1,Sunday,Sun,43,25-12-2016,0,0,25122016,553
26122016,61548.883,356849,656872.25,205192,26122016,26-12-16,2016,Dec-2016,201612,4,Q4-2016,12,December,Dec,53,361,26,2,Monday,Mon,41.5,26-12-2016,0,0,26122016,554
27122016,74536.39,423878,765533.44,248803,27122016,27-12-16,2016,Dec-2016,201612,4,Q4-2016,12,December,Dec,53,362,27,3,Tuesday,Tue,50,27-12-2016,0,0,27122016,555
28122016,82852.086,469443,803795.1,276253,28122016,28-12-16,2016,Dec-2016,201612,4,Q4-2016,12,December,Dec,53,363,28,4,Wednesday,Wed,37,28-12-2016,0,0,28122016,556
29122016,87166.125,494519,824354.4,290514,29122016,29-12-16,2016,Dec-2016,201612,4,Q4-2016,12,December,Dec,53,364,29,5,Thursday,Thu,39.5,29-12-2016,1,0,29122016,557
30122016,91148.805,517146,880572.25,303923,30122016,30-12-16,2016,Dec-2016,201612,4,Q4-2016,12,December,Dec,53,365,30,6,Friday,Fri,36.5,30-12-2016,0,0,30122016,558
31122016,85042.2,487884,821277,284165,31122016,31-12-16,2016,Dec-2016,201612,4,Q4-2016,12,December,Dec,53,366,31,7,Saturday,Sat,37.5,31-12-2016,0,0,31122016,559
