date,date_id,amount,passenger_count,distance_travelled,no_of_trips,date_id2,transaction_date,year,mon_year,year_mon_num,qtr_num,qtr_year,mon_num,mon_long_name,mon_short_name,wk_num,day_of_year,day_of_mon,day_of_week,day_long_name,day_short_name,temprature,day,rain,snw,ID
2016-07-01,1072016,5305885,532495,980385.44,322653,1072016,01-07-16,2016,Jul-2016,201607,3,Q3-2016,7,July,Jul,27,183,1,6,Friday,Fri,72.5,01-07-2016,0,0,1
2016-07-02,2072016,4200631.5,456485,891328.1,264231,2072016,02-07-16,2016,Jul-2016,201607,3,Q3-2016,7,July,Jul,27,184,2,7,Saturday,Sat,69.5,02-07-2016,1,0,2
2016-07-03,3072016,3496528,403006,749962.25,230616,3072016,03-07-16,2016,Jul-2016,201607,3,Q3-2016,7,July,Jul,28,185,3,1,Sunday,Sun,71,03-07-2016,1,0,3
2016-07-04,4072016,3658428.8,391066,783386.06,225193,4072016,04-07-16,2016,Jul-2016,201607,3,Q3-2016,7,July,Jul,28,186,4,2,Monday,Mon,75,04-07-2016,0,0,4
2016-07-05,5072016,4753172,483033,1254866.5,291364,5072016,05-07-16,2016,Jul-2016,201607,3,Q3-2016,7,July,Jul,28,187,5,3,Tuesday,Tue,77.5,05-07-2016,0,0,5
2016-07-06,6072016,4806071,497391,911539.7,309205,6072016,06-07-16,2016,Jul-2016,201607,3,Q3-2016,7,July,Jul,28,188,6,4,Wednesday,Wed,83,06-07-2016,0,1,6
2016-07-07,7072016,5574066.5,568661,988356.25,348333,7072016,07-07-16,2016,Jul-2016,201607,3,Q3-2016,7,July,Jul,28,189,7,5,Thursday,Thu,83,07-07-2016,0,1,7
2016-07-08,8072016,5519540.5,572845,983825.75,345168,8072016,08-07-16,2016,Jul-2016,201607,3,Q3-2016,7,July,Jul,28,190,8,6,Friday,Fri,76.5,08-07-2016,0,0,8
2016-07-09,9072016,5155947.5,568455,1004071.94,330644,9072016,09-07-16,2016,Jul-2016,201607,3,Q3-2016,7,July,Jul,28,191,9,7,Saturday,Sat,68.5,09-07-2016,0,0,9
2016-07-10,10072016,5357516,514206,4348091,300516,10072016,10-07-16,2016,Jul-2016,201607,3,Q3-2016,7,July,Jul,29,192,10,1,Sunday,Sun,73,10-07-2016,0,0,10
2016-07-11,11072016,5089515.5,498733,963163.56,304703,11072016,11-07-16,2016,Jul-2016,201607,3,Q3-2016,7,July,Jul,29,193,11,2,Monday,Mon,73,11-07-2016,1,0,11
2016-07-12,12072016,5563715.5,557315,995095.75,339257,12072016,12-07-16,2016,Jul-2016,201607,3,Q3-2016,7,July,Jul,29,194,12,3,Tuesday,Tue,75,12-07-2016,1,0,12
2016-07-13,13072016,6110492.5,603137,1082285.2,368372,13072016,13-07-16,2016,Jul-2016,201607,3,Q3-2016,7,July,Jul,29,195,13,4,Wednesday,Wed,78,13-07-2016,0,0,13
2016-07-14,14072016,6396588.5,613135,1119314.4,371729,14072016,14-07-16,2016,Jul-2016,201607,3,Q3-2016,7,July,Jul,29,196,14,5,Thursday,Thu,80.5,14-07-2016,0,1,14
2016-07-15,15072016,6332960,616130,1140335.2,371212,15072016,15-07-16,2016,Jul-2016,201607,3,Q3-2016,7,July,Jul,29,197,15,6,Friday,Fri,83.5,15-07-2016,0,0,15
2016-07-16,16072016,5454415.5,601236,1045725.7,347746,16072016,16-07-16,2016,Jul-2016,201607,3,Q3-2016,7,July,Jul,29,198,16,7,Saturday,Sat,82.5,16-07-2016,0,0,16
2016-07-17,17072016,5270885,557507,1087865.5,323212,17072016,17-07-16,2016,Jul-2016,201607,3,Q3-2016,7,July,Jul,30,199,17,1,Sunday,Sun,82,17-07-2016,1,0,17
2016-07-18,18072016,5412073.5,536593,1010266.8,327449,18072016,18-07-16,2016,Jul-2016,201607,3,Q3-2016,7,July,Jul,30,200,18,2,Monday,Mon,82.5,18-07-2016,1,0,18
2016-07-19,19072016,5725877,561871,1028219.94,342162,19072016,19-07-16,2016,Jul-2016,201607,3,Q3-2016,7,July,Jul,30,201,19,3,Tuesday,Tue,78,19-07-2016,0,0,19
2016-07-20,20072016,6018139.5,584697,1358542.4,355271,20072016,20-07-16,2016,Jul-2016,201607,3,Q3-2016,7,July,Jul,30,202,20,4,Wednesday,Wed,76.5,20-07-2016,1,0,20
2016-07-21,21072016,6291830.5,592519,1098235.9,361414,21072016,21-07-16,2016,Jul-2016,201607,3,Q3-2016,7,July,Jul,30,203,21,5,Thursday,Thu,80.5,21-07-2016,0,0,21
2016-07-22,22072016,6203062.5,620468,1122152,373334,22072016,22-07-16,2016,Jul-2016,201607,3,Q3-2016,7,July,Jul,30,204,22,6,Friday,Fri,84,22-07-2016,1,0,22
2016-07-23,23072016,5322426.5,612998,1044788.9,353197,23072016,23-07-16,2016,Jul-2016,201607,3,Q3-2016,7,July,Jul,30,205,23,7,Saturday,Sat,88,23-07-2016,1,0,23
2016-07-24,24072016,5178557.5,550175,1072600,320050,24072016,24-07-16,2016,Jul-2016,201607,3,Q3-2016,7,July,Jul,31,206,24,1,Sunday,Sun,84.5,24-07-2016,1,0,24
2016-07-25,25072016,5199731.5,522661,1256981.6,318892,25072016,25-07-16,2016,Jul-2016,201607,3,Q3-2016,7,July,Jul,31,207,25,2,Monday,Mon,83,25-07-2016,0,0,25
2016-07-26,26072016,5936147,573919,1590873,348291,26072016,26-07-16,2016,Jul-2016,201607,3,Q3-2016,7,July,Jul,31,208,26,3,Tuesday,Tue,80.5,26-07-2016,1,0,26
2016-07-27,27072016,5915584.5,589478,1048935,360021,27072016,27-07-16,2016,Jul-2016,201607,3,Q3-2016,7,July,Jul,31,209,27,4,Wednesday,Wed,82.5,27-07-2016,0,0,27
2016-07-28,28072016,6203034,604321,1077197.1,367497,28072016,28-07-16,2016,Jul-2016,201607,3,Q3-2016,7,July,Jul,31,210,28,5,Thursday,Thu,85,28-07-2016,0,0,28
2016-07-29,29072016,6134030,594573,1095020,358215,29072016,29-07-16,2016,Jul-2016,201607,3,Q3-2016,7,July,Jul,31,211,29,6,Friday,Fri,77,29-07-2016,0,0,29
2016-07-30,30072016,5355974.5,587412,1020223.75,341122,30072016,30-07-16,2016,Jul-2016,201607,3,Q3-2016,7,July,Jul,31,212,30,7,Saturday,Sat,78.5,30-07-2016,0,0,30
2016-07-31,31072016,4867739,521336,1233425.8,303347,31072016,31-07-16,2016,Jul-2016,201607,3,Q3-2016,7,July,Jul,32,213,31,1,Sunday,Sun,74.5,31-07-2016,0,1,31
2016-08-01,1082016,5204408,504563,994990.4,306741,1082016,01-08-16,2016,Aug-2016,201608,3,Q3-2016,8,August,Aug,32,214,1,2,Monday,Mon,74.5,01-08-2016,0,0,32
2016-08-02,2082016,5466446,541450,988159.25,328622,2082016,02-08-16,2016,Aug-2016,201608,3,Q3-2016,8,August,Aug,32,215,2,3,Tuesday,Tue,73.5,02-08-2016,0,0,33
2016-08-03,3082016,5643656,555618,1436372.1,337552,3082016,03-08-16,2016,Aug-2016,201608,3,Q3-2016,8,August,Aug,32,216,3,4,Wednesday,Wed,73,03-08-2016,0,0,34
2016-08-04,4082016,5882203,578760,1283622.4,351267,4082016,04-08-16,2016,Aug-2016,201608,3,Q3-2016,8,August,Aug,32,217,4,5,Thursday,Thu,74,04-08-2016,0,0,35
2016-08-05,5082016,5601499.5,568981,1025465.7,341040,5082016,05-08-16,2016,Aug-2016,201608,3,Q3-2016,8,August,Aug,32,218,5,6,Friday,Fri,76,05-08-2016,0,0,36
2016-08-06,6082016,4990978,557772,963417.1,322046,6082016,06-08-16,2016,Aug-2016,201608,3,Q3-2016,8,August,Aug,32,219,6,7,Saturday,Sat,79.5,06-08-2016,0,0,37
2016-08-07,7082016,4733982,498737,988079.5,289718,7082016,07-08-16,2016,Aug-2016,201608,3,Q3-2016,8,August,Aug,33,220,7,1,Sunday,Sun,78,07-08-2016,1,0,38
2016-08-08,8082016,4769279,475511,908486.44,289549,8082016,08-08-16,2016,Aug-2016,201608,3,Q3-2016,8,August,Aug,33,221,8,2,Monday,Mon,78.5,08-08-2016,1,0,39
2016-08-09,9082016,5393544,536272,1125874,325139,9082016,09-08-16,2016,Aug-2016,201608,3,Q3-2016,8,August,Aug,33,222,9,3,Tuesday,Tue,79,09-08-2016,0,1,40
2016-08-10,10082016,5602232,561604,991120.1,343210,10082016,10-08-16,2016,Aug-2016,201608,3,Q3-2016,8,August,Aug,33,223,10,4,Wednesday,Wed,80.5,10-08-2016,0,1,41
2016-08-11,11082016,5920834,598947,1039706.5,362471,11082016,11-08-16,2016,Aug-2016,201608,3,Q3-2016,8,August,Aug,33,224,11,5,Thursday,Thu,82.5,11-08-2016,0,0,42
2016-08-12,12082016,5912896,592705,1064347.4,357337,12082016,12-08-16,2016,Aug-2016,201608,3,Q3-2016,8,August,Aug,33,225,12,6,Friday,Fri,83,12-08-2016,1,1,43
2016-08-13,13082016,5081579,581905,990482.8,335936,13082016,13-08-16,2016,Aug-2016,201608,3,Q3-2016,8,August,Aug,33,226,13,7,Saturday,Sat,88.5,13-08-2016,1,0,44
2016-08-14,14082016,4538059.5,489793,927856.1,285488,14082016,14-08-16,2016,Aug-2016,201608,3,Q3-2016,8,August,Aug,34,227,14,1,Sunday,Sun,86,14-08-2016,0,0,45
2016-08-15,15082016,4999541,501008,964700.4,304080,15082016,15-08-16,2016,Aug-2016,201608,3,Q3-2016,8,August,Aug,34,228,15,2,Monday,Mon,84.5,15-08-2016,0,0,46
2016-08-16,16082016,5229727,544590,945269,331559,16082016,16-08-16,2016,Aug-2016,201608,3,Q3-2016,8,August,Aug,34,229,16,3,Tuesday,Tue,82.5,16-08-2016,0,0,47
2016-08-17,17082016,5507241.5,548980,986652,333132,17082016,17-08-16,2016,Aug-2016,201608,3,Q3-2016,8,August,Aug,34,230,17,4,Wednesday,Wed,81,17-08-2016,0,0,48
2016-08-18,18082016,5701609.5,562980,1323035,341690,18082016,18-08-16,2016,Aug-2016,201608,3,Q3-2016,8,August,Aug,34,231,18,5,Thursday,Thu,78.5,18-08-2016,0,0,49
2016-08-19,19082016,5527010.5,559238,1019503.8,336354,19082016,19-08-16,2016,Aug-2016,201608,3,Q3-2016,8,August,Aug,34,232,19,6,Friday,Fri,81,19-08-2016,0,0,50
2016-08-20,20082016,4907514.5,537899,8902487,312072,20082016,20-08-16,2016,Aug-2016,201608,3,Q3-2016,8,August,Aug,34,233,20,7,Saturday,Sat,76.5,20-08-2016,0,0,51
2016-08-21,21082016,4663225,492564,961356.94,288230,21082016,21-08-16,2016,Aug-2016,201608,3,Q3-2016,8,August,Aug,35,234,21,1,Sunday,Sun,79.5,21-08-2016,0,0,52
2016-08-22,22082016,4755994,462230,918060.6,281223,22082016,22-08-16,2016,Aug-2016,201608,3,Q3-2016,8,August,Aug,35,235,22,2,Monday,Mon,72,22-08-2016,0,0,53
2016-08-23,23082016,5013551.5,500385,913580.94,303089,23082016,23-08-16,2016,Aug-2016,201608,3,Q3-2016,8,August,Aug,35,236,23,3,Tuesday,Tue,71.5,23-08-2016,0,0,54
2016-08-24,24082016,5230038,525721,953659.56,319430,24082016,24-08-16,2016,Aug-2016,201608,3,Q3-2016,8,August,Aug,35,237,24,4,Wednesday,Wed,78,24-08-2016,0,0,55
2016-08-25,25082016,5492752.5,543703,1000617.1,330567,25082016,25-08-16,2016,Aug-2016,201608,3,Q3-2016,8,August,Aug,35,238,25,5,Thursday,Thu,77.5,25-08-2016,1,0,56
2016-08-26,26082016,5379404,537297,987682.7,323369,26082016,26-08-16,2016,Aug-2016,201608,3,Q3-2016,8,August,Aug,35,239,26,6,Friday,Fri,82.5,26-08-2016,0,0,57
2016-08-27,27082016,4763636,531341,937664.94,306983,27082016,27-08-16,2016,Aug-2016,201608,3,Q3-2016,8,August,Aug,35,240,27,7,Saturday,Sat,81,27-08-2016,0,0,58
2016-08-28,28082016,4647392.5,487548,961989.8,283906,28082016,28-08-16,2016,Aug-2016,201608,3,Q3-2016,8,August,Aug,36,241,28,1,Sunday,Sun,80.5,28-08-2016,0,0,59
2016-08-29,29082016,4680886.5,469529,912376,285760,29082016,29-08-16,2016,Aug-2016,201608,3,Q3-2016,8,August,Aug,36,242,29,2,Monday,Mon,82.5,29-08-2016,1,0,60
2016-08-30,30082016,4771954.5,488987,887572.9,298412,30082016,30-08-16,2016,Aug-2016,201608,3,Q3-2016,8,August,Aug,36,243,30,3,Tuesday,Tue,77.5,30-08-2016,0,0,61
2016-08-31,31082016,5146669,521671,948537.5,318936,31082016,31-08-16,2016,Aug-2016,201608,3,Q3-2016,8,August,Aug,36,244,31,4,Wednesday,Wed,81.5,31-08-2016,0,0,62
2016-09-01,1092016,5397105,534692,985237,326552,1092016,01-09-16,2016,Sep-2016,201609,3,Q3-2016,9,September,Sep,36,245,1,5,Thursday,Thu,74,01-09-2016,0,0,63
2016-09-02,2092016,5021198.5,500303,959358.2,299916,2092016,02-09-16,2016,Sep-2016,201609,3,Q3-2016,9,September,Sep,36,246,2,6,Friday,Fri,73.5,02-09-2016,0,0,64
2016-09-03,3092016,4131154,469191,851310.5,268508,3092016,03-09-16,2016,Sep-2016,201609,3,Q3-2016,9,September,Sep,36,247,3,7,Saturday,Sat,70.5,03-09-2016,0,0,65
2016-09-04,4092016,3876618.8,428947,805923,244862,4092016,04-09-16,2016,Sep-2016,201609,3,Q3-2016,9,September,Sep,37,248,4,1,Sunday,Sun,72.5,04-09-2016,1,0,66
2016-09-05,5092016,3929026.2,399947,871323.7,232609,5092016,05-09-16,2016,Sep-2016,201609,3,Q3-2016,9,September,Sep,37,249,5,2,Monday,Mon,74.5,05-09-2016,1,0,67
2016-09-06,6092016,5270070.5,520539,1276847.9,318529,6092016,06-09-16,2016,Sep-2016,201609,3,Q3-2016,9,September,Sep,37,250,6,3,Tuesday,Tue,75.5,06-09-2016,0,0,68
2016-09-07,7092016,5870886,567702,1025202.5,349866,7092016,07-09-16,2016,Sep-2016,201609,3,Q3-2016,9,September,Sep,37,251,7,4,Wednesday,Wed,78,07-09-2016,0,1,69
2016-09-08,8092016,6353164.5,605169,1097799.4,371746,8092016,08-09-16,2016,Sep-2016,201609,3,Q3-2016,9,September,Sep,37,252,8,5,Thursday,Thu,80,08-09-2016,0,0,70
2016-09-09,9092016,6420423.5,624461,4293626.5,380879,9092016,09-09-16,2016,Sep-2016,201609,3,Q3-2016,9,September,Sep,37,253,9,6,Friday,Fri,83,09-09-2016,0,0,71
2016-09-10,10092016,6070733.5,662570,1110594,389008,10092016,10-09-16,2016,Sep-2016,201609,3,Q3-2016,9,September,Sep,37,254,10,7,Saturday,Sat,82,10-09-2016,0,0,72
2016-09-11,11092016,5425879,570054,1101176,337431,11092016,11-09-16,2016,Sep-2016,201609,3,Q3-2016,9,September,Sep,38,255,11,1,Sunday,Sun,75,11-09-2016,0,1,73
2016-09-12,12092016,5181797,486537,1004720.4,304086,12092016,12-09-16,2016,Sep-2016,201609,3,Q3-2016,9,September,Sep,38,256,12,2,Monday,Mon,70,12-09-2016,0,0,74
2016-09-13,13092016,5714525,549593,1011637.3,340814,13092016,13-09-16,2016,Sep-2016,201609,3,Q3-2016,9,September,Sep,38,257,13,3,Tuesday,Tue,73.5,13-09-2016,0,0,75
2016-09-14,14092016,6111692.5,570713,1145204.5,352429,14092016,14-09-16,2016,Sep-2016,201609,3,Q3-2016,9,September,Sep,38,258,14,4,Wednesday,Wed,79,14-09-2016,0,0,76
2016-09-15,15092016,6390159.5,587162,4616428.5,362651,15092016,15-09-16,2016,Sep-2016,201609,3,Q3-2016,9,September,Sep,38,259,15,5,Thursday,Thu,67.5,15-09-2016,0,1,77
2016-09-16,16092016,6408786,601732,3127737.5,369177,16092016,16-09-16,2016,Sep-2016,201609,3,Q3-2016,9,September,Sep,38,260,16,6,Friday,Fri,67,16-09-2016,0,0,78
2016-09-17,17092016,6449568,634287,13534740,372919,17092016,17-09-16,2016,Sep-2016,201609,3,Q3-2016,9,September,Sep,38,261,17,7,Saturday,Sat,68,17-09-2016,0,0,79
2016-09-18,18092016,5615144.5,556627,11010436,329773,18092016,18-09-16,2016,Sep-2016,201609,3,Q3-2016,9,September,Sep,39,262,18,1,Sunday,Sun,76,18-09-2016,0,0,80
2016-09-19,19092016,5428589,474762,8823476,291529,19092016,19-09-16,2016,Sep-2016,201609,3,Q3-2016,9,September,Sep,39,263,19,2,Monday,Mon,72.5,19-09-2016,0,0,81
2016-09-20,20092016,5558080,505799,956887.8,312740,20092016,20-09-16,2016,Sep-2016,201609,3,Q3-2016,9,September,Sep,39,264,20,3,Tuesday,Tue,75,20-09-2016,0,0,82
2016-09-21,21092016,5760657,522372,9246294,323187,21092016,21-09-16,2016,Sep-2016,201609,3,Q3-2016,9,September,Sep,39,265,21,4,Wednesday,Wed,76,21-09-2016,0,0,83
2016-09-22,22092016,6140260,564796,1077493,347171,22092016,22-09-16,2016,Sep-2016,201609,3,Q3-2016,9,September,Sep,39,266,22,5,Thursday,Thu,75.5,22-09-2016,0,0,84
2016-09-23,23092016,6826551,581974,1094684.4,357058,23092016,23-09-16,2016,Sep-2016,201609,3,Q3-2016,9,September,Sep,39,267,23,6,Friday,Fri,75.5,23-09-2016,1,0,85
2016-09-24,24092016,5923614.5,640239,1162697,375584,24092016,24-09-16,2016,Sep-2016,201609,3,Q3-2016,9,September,Sep,39,268,24,7,Saturday,Sat,64.5,24-09-2016,1,0,86
2016-09-25,25092016,5581490,564416,1125904.1,335117,25092016,25-09-16,2016,Sep-2016,201609,3,Q3-2016,9,September,Sep,40,269,25,1,Sunday,Sun,62,25-09-2016,1,0,87
2016-09-26,26092016,5334284,515513,15687349,318808,26092016,26-09-16,2016,Sep-2016,201609,3,Q3-2016,9,September,Sep,40,270,26,2,Monday,Mon,64,26-09-2016,0,0,88
2016-09-27,27092016,5566398,547373,984675.9,339949,27092016,27-09-16,2016,Sep-2016,201609,3,Q3-2016,9,September,Sep,40,271,27,3,Tuesday,Tue,69,27-09-2016,0,0,89
2016-09-28,28092016,5948182,577524,1034372.75,358478,28092016,28-09-16,2016,Sep-2016,201609,3,Q3-2016,9,September,Sep,40,272,28,4,Wednesday,Wed,62.5,28-09-2016,1,0,90
2016-09-29,29092016,6235491,589746,1095509.6,365519,29092016,29-09-16,2016,Sep-2016,201609,3,Q3-2016,9,September,Sep,40,273,29,5,Thursday,Thu,60.5,29-09-2016,0,0,91
2016-09-30,30092016,6410239,604174,1101855.2,369395,30092016,30-09-16,2016,Sep-2016,201609,3,Q3-2016,9,September,Sep,40,274,30,6,Friday,Fri,57.5,30-09-2016,0,0,92
2016-10-01,1102016,5838245,622559,1090667.5,365386,1102016,01-10-16,2016,Oct-2016,201610,4,Q4-2016,10,October,Oct,40,275,1,7,Saturday,Sat,59,01-10-2016,1,0,93
2016-10-02,2102016,5442432.5,542594,1068475.1,322289,2102016,02-10-16,2016,Oct-2016,201610,4,Q4-2016,10,October,Oct,41,276,2,1,Sunday,Sun,60,02-10-2016,1,0,94
2016-10-03,3102016,4579254,468342,896914.6,286629,3102016,03-10-16,2016,Oct-2016,201610,4,Q4-2016,10,October,Oct,41,277,3,2,Monday,Mon,66,03-10-2016,0,0,95
2016-10-04,4102016,5060644.5,512684,936897.3,317509,4102016,04-10-16,2016,Oct-2016,201610,4,Q4-2016,10,October,Oct,41,278,4,3,Tuesday,Tue,64.5,04-10-2016,0,0,96
2016-10-05,5102016,6000351,572734,1054898.1,355949,5102016,05-10-16,2016,Oct-2016,201610,4,Q4-2016,10,October,Oct,41,279,5,4,Wednesday,Wed,60,05-10-2016,0,0,97
2016-10-06,6102016,6343999.5,597640,1111707,368233,6102016,06-10-16,2016,Oct-2016,201610,4,Q4-2016,10,October,Oct,41,280,6,5,Thursday,Thu,64,06-10-2016,0,0,98
2016-10-07,7102016,6323057.5,597161,1105515.5,363720,7102016,07-10-16,2016,Oct-2016,201610,4,Q4-2016,10,October,Oct,41,281,7,6,Friday,Fri,66,07-10-2016,0,0,99
2016-10-08,8102016,5881769,641215,1393010,375586,8102016,08-10-16,2016,Oct-2016,201610,4,Q4-2016,10,October,Oct,41,282,8,7,Saturday,Sat,63,08-10-2016,0,0,100
2016-10-09,9102016,5369575.5,564684,1050373.1,331220,9102016,09-10-16,2016,Oct-2016,201610,4,Q4-2016,10,October,Oct,42,283,9,1,Sunday,Sun,58,09-10-2016,1,0,101
2016-10-10,10102016,4689153.5,477260,942495.94,289839,10102016,10-10-16,2016,Oct-2016,201610,4,Q4-2016,10,October,Oct,42,284,10,2,Monday,Mon,55.5,10-10-2016,0,0,102
2016-10-11,11102016,5174753.5,516993,933327.4,319796,11102016,11-10-16,2016,Oct-2016,201610,4,Q4-2016,10,October,Oct,42,285,11,3,Tuesday,Tue,54.5,11-10-2016,0,0,103
2016-10-12,12102016,5008208,521630,933278.1,318229,12102016,12-10-16,2016,Oct-2016,201610,4,Q4-2016,10,October,Oct,42,286,12,4,Wednesday,Wed,59.5,12-10-2016,0,0,104
2016-10-13,13102016,6284507,589579,1083776,365350,13102016,13-10-16,2016,Oct-2016,201610,4,Q4-2016,10,October,Oct,42,287,13,5,Thursday,Thu,60,13-10-2016,0,1,105
2016-10-14,14102016,6438248.5,619136,1130490.8,377950,14102016,14-10-16,2016,Oct-2016,201610,4,Q4-2016,10,October,Oct,42,288,14,6,Friday,Fri,54.5,14-10-2016,0,0,106
2016-10-15,15102016,5999532.5,645633,11186653,378907,15102016,15-10-16,2016,Oct-2016,201610,4,Q4-2016,10,October,Oct,42,289,15,7,Saturday,Sat,55,15-10-2016,0,0,107
2016-10-16,16102016,5464148,562389,1403495.1,333042,16102016,16-10-16,2016,Oct-2016,201610,4,Q4-2016,10,October,Oct,43,290,16,1,Sunday,Sun,61,16-10-2016,0,1,108
2016-10-17,17102016,5219307,507060,1291117.2,313768,17102016,17-10-16,2016,Oct-2016,201610,4,Q4-2016,10,October,Oct,43,291,17,2,Monday,Mon,72,17-10-2016,0,0,109
2016-10-18,18102016,5548958,543210,11055563,337290,18102016,18-10-16,2016,Oct-2016,201610,4,Q4-2016,10,October,Oct,43,292,18,3,Tuesday,Tue,74,18-10-2016,0,1,110
2016-10-19,19102016,6001834,568366,1045576.7,352674,19102016,19-10-16,2016,Oct-2016,201610,4,Q4-2016,10,October,Oct,43,293,19,4,Wednesday,Wed,75,19-10-2016,0,1,111
2016-10-20,20102016,6322954.5,586579,1101346.2,363906,20102016,20-10-16,2016,Oct-2016,201610,4,Q4-2016,10,October,Oct,43,294,20,5,Thursday,Thu,66,20-10-2016,0,0,112
2016-10-21,21102016,6532049,611144,6112142,373907,21102016,21-10-16,2016,Oct-2016,201610,4,Q4-2016,10,October,Oct,43,295,21,6,Friday,Fri,63,21-10-2016,0,0,113
2016-10-22,22102016,6129134.5,681967,1126411.2,399138,22102016,22-10-16,2016,Oct-2016,201610,4,Q4-2016,10,October,Oct,43,296,22,7,Saturday,Sat,52,22-10-2016,0,0,114
2016-10-23,23102016,5594572.5,575965,1141367.4,340838,23102016,23-10-16,2016,Oct-2016,201610,4,Q4-2016,10,October,Oct,44,297,23,1,Sunday,Sun,53,23-10-2016,0,0,115
2016-10-24,24102016,5332096,526268,1002311.8,324650,24102016,24-10-16,2016,Oct-2016,201610,4,Q4-2016,10,October,Oct,44,298,24,2,Monday,Mon,54.5,24-10-2016,0,0,116
2016-10-25,25102016,5870871,574847,1034907.56,357667,25102016,25-10-16,2016,Oct-2016,201610,4,Q4-2016,10,October,Oct,44,299,25,3,Tuesday,Tue,47.5,25-10-2016,0,0,117
2016-10-26,26102016,6189946,589317,1066858.8,364350,26102016,26-10-16,2016,Oct-2016,201610,4,Q4-2016,10,October,Oct,44,300,26,4,Wednesday,Wed,44.5,26-10-2016,0,0,118
2016-10-27,27102016,6391031.5,581489,1356037.6,360750,27102016,27-10-16,2016,Oct-2016,201610,4,Q4-2016,10,October,Oct,44,301,27,5,Thursday,Thu,47.5,27-10-2016,1,0,119
2016-10-28,28102016,6596900,630237,1160139.8,384685,28102016,28-10-16,2016,Oct-2016,201610,4,Q4-2016,10,October,Oct,44,302,28,6,Friday,Fri,46.5,28-10-2016,1,0,120
2016-10-29,29102016,6118147,659755,1128404.8,387794,29102016,29-10-16,2016,Oct-2016,201610,4,Q4-2016,10,October,Oct,44,303,29,7,Saturday,Sat,51.5,29-10-2016,0,0,121
2016-10-30,30102016,5689651,579540,1789173.1,341889,30102016,30-10-16,2016,Oct-2016,201610,4,Q4-2016,10,October,Oct,45,304,30,1,Sunday,Sun,65,30-10-2016,1,1,122
2016-10-31,31102016,4986764.5,500211,920114.94,308396,31102016,31-10-16,2016,Oct-2016,201610,4,Q4-2016,10,October,Oct,45,305,31,2,Monday,Mon,49,31-10-2016,0,0,123
2016-11-01,1112016,5867298,570664,1039983.94,353213,1112016,01-11-16,2016,Nov-2016,201611,4,Q4-2016,11,November,Nov,45,306,1,3,Tuesday,Tue,49,01-11-2016,0,0,124
2016-11-02,2112016,5757896,553554,997537.4,344538,2112016,02-11-16,2016,Nov-2016,201611,4,Q4-2016,11,November,Nov,45,307,2,4,Wednesday,Wed,62,02-11-2016,0,0,125
2016-11-03,3112016,6368809.5,597904,1107110.5,371377,3112016,03-11-16,2016,Nov-2016,201611,4,Q4-2016,11,November,Nov,45,308,3,5,Thursday,Thu,64.5,03-11-2016,0,0,126
2016-11-04,4112016,6483504,615476,1127196.9,376073,4112016,04-11-16,2016,Nov-2016,201611,4,Q4-2016,11,November,Nov,45,309,4,6,Friday,Fri,54,04-11-2016,0,1,127
2016-11-05,5112016,5995845,663505,1083812.2,389681,5112016,05-11-16,2016,Nov-2016,201611,4,Q4-2016,11,November,Nov,45,310,5,7,Saturday,Sat,53,05-11-2016,0,0,128
2016-11-06,6112016,5557270.5,566989,1092483.9,334211,6112016,06-11-16,2016,Nov-2016,201611,4,Q4-2016,11,November,Nov,46,311,6,1,Sunday,Sun,52,06-11-2016,0,0,129
2016-11-07,7112016,5387631,516995,972279.6,320529,7112016,07-11-16,2016,Nov-2016,201611,4,Q4-2016,11,November,Nov,46,312,7,2,Monday,Mon,47,07-11-2016,1,0,130
2016-11-08,8112016,4898679,509474,899547.1,317004,8112016,08-11-16,2016,Nov-2016,201611,4,Q4-2016,11,November,Nov,46,313,8,3,Tuesday,Tue,53.5,08-11-2016,0,0,131
2016-11-09,9112016,6106469,565598,1034228.06,352631,9112016,09-11-16,2016,Nov-2016,201611,4,Q4-2016,11,November,Nov,46,314,9,4,Wednesday,Wed,54,09-11-2016,0,0,132
2016-11-10,10112016,6431178,574178,1060007.2,357189,10112016,10-11-16,2016,Nov-2016,201611,4,Q4-2016,11,November,Nov,46,315,10,5,Thursday,Thu,48,10-11-2016,0,0,133
2016-11-11,11112016,6215611,600132,1086985.5,362604,11112016,11-11-16,2016,Nov-2016,201611,4,Q4-2016,11,November,Nov,46,316,11,6,Friday,Fri,52,11-11-2016,0,0,134
2016-11-12,12112016,5972605,644764,1073229.2,379874,12112016,12-11-16,2016,Nov-2016,201611,4,Q4-2016,11,November,Nov,46,317,12,7,Saturday,Sat,43.5,12-11-2016,0,0,135
2016-11-13,13112016,5732027,566624,1447716.4,336964,13112016,13-11-16,2016,Nov-2016,201611,4,Q4-2016,11,November,Nov,47,318,13,1,Sunday,Sun,51,13-11-2016,1,0,136
2016-11-14,14112016,5471889.5,505917,1008104.4,316814,14112016,14-11-16,2016,Nov-2016,201611,4,Q4-2016,11,November,Nov,47,319,14,2,Monday,Mon,54,14-11-2016,0,0,137
2016-11-15,15112016,5893401.5,554899,998565.06,347450,15112016,15-11-16,2016,Nov-2016,201611,4,Q4-2016,11,November,Nov,47,320,15,3,Tuesday,Tue,51.5,15-11-2016,0,0,138
2016-11-16,16112016,6126053,553725,1049808.6,345995,16112016,16-11-16,2016,Nov-2016,201611,4,Q4-2016,11,November,Nov,47,321,16,4,Wednesday,Wed,53,16-11-2016,0,0,139
2016-11-17,17112016,6282143,573042,1074525,357648,17112016,17-11-16,2016,Nov-2016,201611,4,Q4-2016,11,November,Nov,47,322,17,5,Thursday,Thu,55,17-11-2016,1,0,140
2016-11-18,18112016,6335167,598828,1108471.4,369622,18112016,18-11-16,2016,Nov-2016,201611,4,Q4-2016,11,November,Nov,47,323,18,6,Friday,Fri,54,18-11-2016,0,0,141
2016-11-19,19112016,5965795.5,646153,1074422.9,381604,19112016,19-11-16,2016,Nov-2016,201611,4,Q4-2016,11,November,Nov,47,324,19,7,Saturday,Sat,50,19-11-2016,0,0,142
2016-11-20,20112016,5171855,566368,1002219,335585,20112016,20-11-16,2016,Nov-2016,201611,4,Q4-2016,11,November,Nov,48,325,20,1,Sunday,Sun,38,20-11-2016,1,0,143
2016-11-21,21112016,5126810.5,525269,899398.06,326717,21112016,21-11-16,2016,Nov-2016,201611,4,Q4-2016,11,November,Nov,48,326,21,2,Monday,Mon,38.5,21-11-2016,1,0,144
2016-11-22,22112016,5616481,550842,959317.4,343382,22112016,22-11-16,2016,Nov-2016,201611,4,Q4-2016,11,November,Nov,48,327,22,3,Tuesday,Tue,39,22-11-2016,1,0,145
2016-11-23,23112016,5243132.5,532671,918172.6,322711,23112016,23-11-16,2016,Nov-2016,201611,4,Q4-2016,11,November,Nov,48,328,23,4,Wednesday,Wed,40,23-11-2016,1,0,146
2016-11-24,24112016,3281218,376914,687458.25,218247,24112016,24-11-16,2016,Nov-2016,201611,4,Q4-2016,11,November,Nov,48,329,24,5,Thursday,Thu,43,24-11-2016,0,0,147
2016-11-25,25112016,3473817.8,421140,670397.44,242532,25112016,25-11-16,2016,Nov-2016,201611,4,Q4-2016,11,November,Nov,48,330,25,6,Friday,Fri,49.5,25-11-2016,0,0,148
2016-11-26,26112016,4480031.5,511064,893029.9,295498,26112016,26-11-16,2016,Nov-2016,201611,4,Q4-2016,11,November,Nov,48,331,26,7,Saturday,Sat,45,26-11-2016,1,0,149
2016-11-27,27112016,4691409,474961,975057,280289,27112016,27-11-16,2016,Nov-2016,201611,4,Q4-2016,11,November,Nov,49,332,27,1,Sunday,Sun,44.5,27-11-2016,1,0,150
2016-11-28,28112016,5070217.5,473485,948947.4,296349,28112016,28-11-16,2016,Nov-2016,201611,4,Q4-2016,11,November,Nov,49,333,28,2,Monday,Mon,45,28-11-2016,0,0,151
2016-11-29,29112016,5399569.5,513573,900793.5,321780,29112016,29-11-16,2016,Nov-2016,201611,4,Q4-2016,11,November,Nov,49,334,29,3,Tuesday,Tue,55.5,29-11-2016,1,0,152
2016-11-30,30112016,5618674,536876,943944.06,335131,30112016,30-11-16,2016,Nov-2016,201611,4,Q4-2016,11,November,Nov,49,335,30,4,Wednesday,Wed,54,30-11-2016,1,0,153
2016-12-01,1122016,6156495,581984,1056547,362531,1122016,01-12-16,2016,Dec-2016,201612,4,Q4-2016,12,December,Dec,49,336,1,5,Thursday,Thu,48,01-12-2016,0,0,154
2016-12-02,2122016,6439549,632553,1110987.2,387485,2122016,02-12-16,2016,Dec-2016,201612,4,Q4-2016,12,December,Dec,49,337,2,6,Friday,Fri,45.5,02-12-2016,0,0,155
2016-12-03,3122016,6136024,677496,1090577.8,397911,3122016,03-12-16,2016,Dec-2016,201612,4,Q4-2016,12,December,Dec,49,338,3,7,Saturday,Sat,44,03-12-2016,0,0,156
2016-12-04,4122016,5577904,579889,1085810,344001,4122016,04-12-16,2016,Dec-2016,201612,4,Q4-2016,12,December,Dec,50,339,4,1,Sunday,Sun,43,04-12-2016,0,0,157
2016-12-05,5122016,5529844.5,531668,992731,331395,5122016,05-12-16,2016,Dec-2016,201612,4,Q4-2016,12,December,Dec,50,340,5,2,Monday,Mon,43.5,05-12-2016,0,0,158
2016-12-06,6122016,5958261,558691,991869.94,348523,6122016,06-12-16,2016,Dec-2016,201612,4,Q4-2016,12,December,Dec,50,341,6,3,Tuesday,Tue,41.5,06-12-2016,1,0,159
2016-12-07,7122016,6210823.5,578139,1054668.9,359390,7122016,07-12-16,2016,Dec-2016,201612,4,Q4-2016,12,December,Dec,50,342,7,4,Wednesday,Wed,43,07-12-2016,1,0,160
2016-12-08,8122016,6651512.5,601307,1120545.5,374748,8122016,08-12-16,2016,Dec-2016,201612,4,Q4-2016,12,December,Dec,50,343,8,5,Thursday,Thu,40,08-12-2016,1,0,161
2016-12-09,9122016,6862114,656530,1170564.2,402628,9122016,09-12-16,2016,Dec-2016,201612,4,Q4-2016,12,December,Dec,50,344,9,6,Friday,Fri,34,09-12-2016,0,0,162
2016-12-10,10122016,6518381,696335,1127784.6,409130,10122016,10-12-16,2016,Dec-2016,201612,4,Q4-2016,12,December,Dec,50,345,10,7,Saturday,Sat,31.5,10-12-2016,0,0,163
2016-12-11,11122016,5577203,574296,1075235.5,338833,11122016,11-12-16,2016,Dec-2016,201612,4,Q4-2016,12,December,Dec,51,346,11,1,Sunday,Sun,31.5,11-12-2016,0,0,164
2016-12-12,12122016,5453243,526291,986896.25,327936,12122016,12-12-16,2016,Dec-2016,201612,4,Q4-2016,12,December,Dec,51,347,12,2,Monday,Mon,40,12-12-2016,0,0,165
2016-12-13,13122016,5785532,559940,992839.8,350629,13122016,13-12-16,2016,Dec-2016,201612,4,Q4-2016,12,December,Dec,51,348,13,3,Tuesday,Tue,39,13-12-2016,0,0,166
2016-12-14,14122016,6232603,596195,1061651.6,372629,14122016,14-12-16,2016,Dec-2016,201612,4,Q4-2016,12,December,Dec,51,349,14,4,Wednesday,Wed,38,14-12-2016,1,0,167
2016-12-15,15122016,6857713,646370,1143635.1,401459,15122016,15-12-16,2016,Dec-2016,201612,4,Q4-2016,12,December,Dec,51,350,15,5,Thursday,Thu,26.5,15-12-2016,1,0,168
2016-12-16,16122016,7112870.5,678162,1219831.9,415988,16122016,16-12-16,2016,Dec-2016,201612,4,Q4-2016,12,December,Dec,51,351,16,6,Friday,Fri,22,16-12-2016,0,0,169
2016-12-17,17122016,5905352,661510,1084137.2,387685,17122016,17-12-16,2016,Dec-2016,201612,4,Q4-2016,12,December,Dec,51,352,17,7,Saturday,Sat,31.5,17-12-2016,0,0,170
2016-12-18,18122016,5446254,591313,1059264,348426,18122016,18-12-16,2016,Dec-2016,201612,4,Q4-2016,12,December,Dec,52,353,18,1,Sunday,Sun,44.5,18-12-2016,0,0,171
2016-12-19,19122016,5394572.5,559881,969015.06,344816,19122016,19-12-16,2016,Dec-2016,201612,4,Q4-2016,12,December,Dec,52,354,19,2,Monday,Mon,27,19-12-2016,0,0,172
2016-12-20,20122016,5559233,572316,966674.9,354259,20122016,20-12-16,2016,Dec-2016,201612,4,Q4-2016,12,December,Dec,52,355,20,3,Tuesday,Tue,26.5,20-12-2016,0,0,173
2016-12-21,21122016,5487559,564533,968395,347859,21122016,21-12-16,2016,Dec-2016,201612,4,Q4-2016,12,December,Dec,52,356,21,4,Wednesday,Wed,35,21-12-2016,1,0,174
2016-12-22,22122016,5294444,551537,943937.75,337674,22122016,22-12-16,2016,Dec-2016,201612,4,Q4-2016,12,December,Dec,52,357,22,5,Thursday,Thu,43,22-12-2016,0,0,175
2016-12-23,23122016,4813888,520174,898960.9,313264,23122016,23-12-16,2016,Dec-2016,201612,4,Q4-2016,12,December,Dec,52,358,23,6,Friday,Fri,42.5,23-12-2016,1,0,176
2016-12-24,24122016,3508396.5,431174,712976,252394,24122016,24-12-16,2016,Dec-2016,201612,4,Q4-2016,12,December,Dec,52,359,24,7,Saturday,Sat,42.5,24-12-2016,0,0,177
2016-12-25,25122016,2553250.2,292590,543242.44,166607,25122016,25-12-16,2016,Dec-2016,201612,4,Q4-2016,12,December,Dec,53,360,25,1,Sunday,Sun,43,25-12-2016,1,0,178
2016-12-26,26122016,3182233,354543,656805.94,203680,26122016,26-12-16,2016,Dec-2016,201612,4,Q4-2016,12,December,Dec,53,361,26,2,Monday,Mon,41.5,26-12-2016,1,0,179
2016-12-27,27122016,3985883,420888,765450.6,246777,27122016,27-12-16,2016,Dec-2016,201612,4,Q4-2016,12,December,Dec,53,362,27,3,Tuesday,Tue,50,27-12-2016,1,0,180
2016-12-28,28122016,4387153.5,466545,803689.44,274171,28122016,28-12-16,2016,Dec-2016,201612,4,Q4-2016,12,December,Dec,53,363,28,4,Wednesday,Wed,37,28-12-2016,0,0,181
2016-12-29,29122016,4416995.5,491126,824257.4,288191,29122016,29-12-16,2016,Dec-2016,201612,4,Q4-2016,12,December,Dec,53,364,29,5,Thursday,Thu,39.5,29-12-2016,0,0,182
2016-12-30,30122016,4659839,513809,880447.44,301638,30122016,30-12-16,2016,Dec-2016,201612,4,Q4-2016,12,December,Dec,53,365,30,6,Friday,Fri,36.5,30-12-2016,1,0,183
2016-12-31,31122016,4055055,484331,821161.2,281831,31122016,31-12-16,2016,Dec-2016,201612,4,Q4-2016,12,December,Dec,53,366,31,7,Saturday,Sat,37.5,31-12-2016,1,0,184
2017-01-01,1012017,4557640,488926,961564.1,278852,1012017,01-01-17,2017,Jan-2017,201701,1,Q1-2017,1,January,Jan,1,1,1,1,Sunday,Sun,44.6,01-01-2017,0,0,185
2017-01-02,2012017,3479866,380201,736959.25,223225,2012017,02-01-17,2017,Jan-2017,201701,1,Q1-2017,1,January,Jan,1,2,2,2,Monday,Mon,37.4,02-01-2017,0,0,186
2017-01-03,3012017,4230293,450213,801942.94,276334,3012017,03-01-17,2017,Jan-2017,201701,1,Q1-2017,1,January,Jan,1,3,3,3,Tuesday,Tue,41,03-01-2017,0,0,187
2017-01-04,4012017,4426181,466011,823672.3,287350,4012017,04-01-17,2017,Jan-2017,201701,1,Q1-2017,1,January,Jan,1,4,4,4,Wednesday,Wed,44.6,04-01-2017,1,0,188
2017-01-05,5012017,4825415,520001,870606.8,322416,5012017,05-01-17,2017,Jan-2017,201701,1,Q1-2017,1,January,Jan,1,5,5,5,Thursday,Thu,30.2,05-01-2017,1,0,189
2017-01-06,6012017,4993885,552320,897384.8,338449,6012017,06-01-17,2017,Jan-2017,201701,1,Q1-2017,1,January,Jan,1,6,6,6,Friday,Fri,28.4,06-01-2017,1,0,190
2017-01-07,7012017,4236067.5,515585,793843.44,303882,7012017,07-01-17,2017,Jan-2017,201701,1,Q1-2017,1,January,Jan,1,7,7,7,Saturday,Sat,23,07-01-2017,1,0,191
2017-01-08,8012017,4393051.5,482513,899799.2,288824,8012017,08-01-17,2017,Jan-2017,201701,1,Q1-2017,1,January,Jan,2,8,8,1,Sunday,Sun,21.2,08-01-2017,0,0,192
2017-01-09,9012017,4718600.5,475831,877080.9,299978,9012017,09-01-17,2017,Jan-2017,201701,1,Q1-2017,1,January,Jan,2,9,9,2,Monday,Mon,19.4,09-01-2017,0,0,193
2017-01-10,10012017,4708755,481920,835263.56,303894,10012017,10-01-17,2017,Jan-2017,201701,1,Q1-2017,1,January,Jan,2,10,10,3,Tuesday,Tue,33.8,10-01-2017,0,0,194
2017-01-11,11012017,4886377.5,502372,868669.6,316250,11012017,11-01-17,2017,Jan-2017,201701,1,Q1-2017,1,January,Jan,2,11,11,4,Wednesday,Wed,46.4,11-01-2017,0,0,195
2017-01-12,12012017,5198281.5,514881,930765,324501,12012017,12-01-17,2017,Jan-2017,201701,1,Q1-2017,1,January,Jan,2,12,12,5,Thursday,Thu,57.2,12-01-2017,0,0,196
2017-01-13,13012017,5649538,552105,984021.75,342324,13012017,13-01-17,2017,Jan-2017,201701,1,Q1-2017,1,January,Jan,2,13,13,6,Friday,Fri,46.4,13-01-2017,0,0,197
2017-01-14,14012017,4922581.5,571748,928830.7,339625,14012017,14-01-17,2017,Jan-2017,201701,1,Q1-2017,1,January,Jan,2,14,14,7,Saturday,Sat,30.2,14-01-2017,0,0,198
2017-01-15,15012017,4546176,512255,905416.56,305169,15012017,15-01-17,2017,Jan-2017,201701,1,Q1-2017,1,January,Jan,3,15,15,1,Sunday,Sun,33.8,15-01-2017,1,0,199
2017-01-16,16012017,3990547.8,424209,806917.1,258308,16012017,16-01-17,2017,Jan-2017,201701,1,Q1-2017,1,January,Jan,3,16,16,2,Monday,Mon,37.4,16-01-2017,0,0,200
2017-01-17,17012017,5097061.5,514790,889571.4,322327,17012017,17-01-17,2017,Jan-2017,201701,1,Q1-2017,1,January,Jan,3,17,17,3,Tuesday,Tue,39.2,17-01-2017,0,0,201
2017-01-18,18012017,5084224.5,513966,901994.25,322095,18012017,18-01-17,2017,Jan-2017,201701,1,Q1-2017,1,January,Jan,3,18,18,4,Wednesday,Wed,39.2,18-01-2017,1,0,202
2017-01-19,19012017,5361369.5,525899,931814.44,330174,19012017,19-01-17,2017,Jan-2017,201701,1,Q1-2017,1,January,Jan,3,19,19,5,Thursday,Thu,44.6,19-01-2017,0,0,203
2017-01-20,20012017,5260370,546340,934517.1,339244,20012017,20-01-17,2017,Jan-2017,201701,1,Q1-2017,1,January,Jan,3,20,20,6,Friday,Fri,42.8,20-01-2017,1,0,204
2017-01-21,21012017,4772020,550597,877983.6,326608,21012017,21-01-17,2017,Jan-2017,201701,1,Q1-2017,1,January,Jan,3,21,21,7,Saturday,Sat,44.6,21-01-2017,1,0,205
2017-01-22,22012017,4406135.5,487387,891398.3,289850,22012017,22-01-17,2017,Jan-2017,201701,1,Q1-2017,1,January,Jan,4,22,22,1,Sunday,Sun,46.4,22-01-2017,0,0,206
2017-01-23,23012017,4381497.5,464793,796127.4,291924,23012017,23-01-17,2017,Jan-2017,201701,1,Q1-2017,1,January,Jan,4,23,23,2,Monday,Mon,39.2,23-01-2017,0,0,207
2017-01-24,24012017,4804224,508528,823814.3,319015,24012017,24-01-17,2017,Jan-2017,201701,1,Q1-2017,1,January,Jan,4,24,24,3,Tuesday,Tue,37.4,24-01-2017,1,0,208
2017-01-25,25012017,5074004.5,514584,891115.3,323181,25012017,25-01-17,2017,Jan-2017,201701,1,Q1-2017,1,January,Jan,4,25,25,4,Wednesday,Wed,44.6,25-01-2017,1,0,209
2017-01-26,26012017,5428631,544549,949117.8,340716,26012017,26-01-17,2017,Jan-2017,201701,1,Q1-2017,1,January,Jan,4,26,26,5,Thursday,Thu,50,26-01-2017,0,0,210
2017-01-27,27012017,5561594,583491,981242.4,361604,27012017,27-01-17,2017,Jan-2017,201701,1,Q1-2017,1,January,Jan,4,27,27,6,Friday,Fri,39.2,27-01-2017,0,0,211
2017-01-28,28012017,5223001.5,618790,951717.5,365997,28012017,28-01-17,2017,Jan-2017,201701,1,Q1-2017,1,January,Jan,4,28,28,7,Saturday,Sat,37.4,28-01-2017,1,0,212
2017-01-29,29012017,4652710.5,507369,921456.2,303272,29012017,29-01-17,2017,Jan-2017,201701,1,Q1-2017,1,January,Jan,5,29,29,1,Sunday,Sun,39.2,29-01-2017,0,0,213
2017-01-30,30012017,4446776,457316,829850.3,287180,30012017,30-01-17,2017,Jan-2017,201701,1,Q1-2017,1,January,Jan,5,30,30,2,Monday,Mon,33.8,30-01-2017,0,0,214
2017-01-31,31012017,4707025,494284,825276.5,311315,31012017,31-01-17,2017,Jan-2017,201701,1,Q1-2017,1,January,Jan,5,31,31,3,Tuesday,Tue,30.2,31-01-2017,0,0,215
2017-02-01,1022017,5203190.5,519347,890910.44,327569,1022017,01-02-17,2017,Feb-2017,201702,1,Q1-2017,2,February,Feb,5,32,1,4,Wednesday,Wed,39.2,01-02-2017,1,0,216
2017-02-02,2022017,5480621,558230,963356.2,350850,2022017,02-02-17,2017,Feb-2017,201702,1,Q1-2017,2,February,Feb,5,33,2,5,Thursday,Thu,39.2,02-02-2017,0,0,217
2017-02-03,3022017,5682910,598935,991490.3,372258,3022017,03-02-17,2017,Feb-2017,201702,1,Q1-2017,2,February,Feb,5,34,3,6,Friday,Fri,30.2,03-02-2017,1,0,218
2017-02-04,4022017,5121267,610541,931163.2,363490,4022017,04-02-17,2017,Feb-2017,201702,1,Q1-2017,2,February,Feb,5,35,4,7,Saturday,Sat,28.4,04-02-2017,0,0,219
2017-02-05,5022017,4553941,509703,907974.4,304554,5022017,05-02-17,2017,Feb-2017,201702,1,Q1-2017,2,February,Feb,6,36,5,1,Sunday,Sun,37.4,05-02-2017,0,0,220
2017-02-06,6022017,4852535,460216,836572.06,288030,6022017,06-02-17,2017,Feb-2017,201702,1,Q1-2017,2,February,Feb,6,37,6,2,Monday,Mon,42.8,06-02-2017,0,0,221
2017-02-07,7022017,4929584,514958,850192.1,324101,7022017,07-02-17,2017,Feb-2017,201702,1,Q1-2017,2,February,Feb,6,38,7,3,Tuesday,Tue,39.2,07-02-2017,1,0,222
2017-02-08,8022017,5294261.5,522772,915808.8,329458,8022017,08-02-17,2017,Feb-2017,201702,1,Q1-2017,2,February,Feb,6,39,8,4,Wednesday,Wed,50,08-02-2017,0,0,223
2017-02-09,9022017,2814273.5,330411,519618.94,201758,9022017,09-02-17,2017,Feb-2017,201702,1,Q1-2017,2,February,Feb,6,40,9,5,Thursday,Thu,32,09-02-2017,0,0,224
2017-02-10,10022017,5884173,564701,1008556.5,349587,10022017,10-02-17,2017,Feb-2017,201702,1,Q1-2017,2,February,Feb,6,41,10,6,Friday,Fri,26.6,10-02-2017,0,0,225
2017-02-11,11022017,5529618,619172,989296.6,368209,11022017,11-02-17,2017,Feb-2017,201702,1,Q1-2017,2,February,Feb,6,42,11,7,Saturday,Sat,39.2,11-02-2017,0,0,226
2017-02-12,12022017,4845186,540988,941011.1,323685,12022017,12-02-17,2017,Feb-2017,201702,1,Q1-2017,2,February,Feb,7,43,12,1,Sunday,Sun,35.6,12-02-2017,0,0,227
2017-02-13,13022017,4844424.5,508873,867890.6,317845,13022017,13-02-17,2017,Feb-2017,201702,1,Q1-2017,2,February,Feb,7,44,13,2,Monday,Mon,35.6,13-02-2017,1,0,228
2017-02-14,14022017,5228708,547058,885826.4,341538,14022017,14-02-17,2017,Feb-2017,201702,1,Q1-2017,2,February,Feb,7,45,14,3,Tuesday,Tue,35.6,14-02-2017,1,0,229
2017-02-15,15022017,5454924.5,549626,957033.7,344952,15022017,15-02-17,2017,Feb-2017,201702,1,Q1-2017,2,February,Feb,7,46,15,4,Wednesday,Wed,41,15-02-2017,0,0,230
2017-02-16,16022017,5712634.5,580943,1012258.5,365811,16022017,16-02-17,2017,Feb-2017,201702,1,Q1-2017,2,February,Feb,7,47,16,5,Thursday,Thu,32,16-02-2017,0,0,231
2017-02-17,17022017,5721092,566992,1010613.3,352627,17022017,17-02-17,2017,Feb-2017,201702,1,Q1-2017,2,February,Feb,7,48,17,6,Friday,Fri,33.8,17-02-2017,0,0,232
2017-02-18,18022017,4817456,546269,903369.5,323847,18022017,18-02-17,2017,Feb-2017,201702,1,Q1-2017,2,February,Feb,7,49,18,7,Saturday,Sat,48.2,18-02-2017,0,0,233
2017-02-19,19022017,4607468,505541,897888.1,296924,19022017,19-02-17,2017,Feb-2017,201702,1,Q1-2017,2,February,Feb,8,50,19,1,Sunday,Sun,59,19-02-2017,0,0,234
2017-02-20,20022017,4100334.5,430946,842988.6,260172,20022017,20-02-17,2017,Feb-2017,201702,1,Q1-2017,2,February,Feb,8,51,20,2,Monday,Mon,46.4,20-02-2017,1,0,235
2017-02-21,21022017,4688153.5,471697,861164.2,293345,21022017,21-02-17,2017,Feb-2017,201702,1,Q1-2017,2,February,Feb,8,52,21,3,Tuesday,Tue,41,21-02-2017,0,0,236
2017-02-22,22022017,5304466.5,500280,893177.2,312791,22022017,22-02-17,2017,Feb-2017,201702,1,Q1-2017,2,February,Feb,8,53,22,4,Wednesday,Wed,50,22-02-2017,1,0,237
2017-02-23,23022017,5420449.5,534620,971263.56,332740,23022017,23-02-17,2017,Feb-2017,201702,1,Q1-2017,2,February,Feb,8,54,23,5,Thursday,Thu,55.4,23-02-2017,1,0,238
2017-02-24,24022017,5588047,564845,1008152.6,348091,24022017,24-02-17,2017,Feb-2017,201702,1,Q1-2017,2,February,Feb,8,55,24,6,Friday,Fri,64.4,24-02-2017,1,0,239
2017-02-25,25022017,5394055.5,618217,1006796.9,365917,25022017,25-02-17,2017,Feb-2017,201702,1,Q1-2017,2,February,Feb,8,56,25,7,Saturday,Sat,53.6,25-02-2017,0,0,240
2017-02-26,26022017,4954224.5,531542,998933.9,318010,26022017,26-02-17,2017,Feb-2017,201702,1,Q1-2017,2,February,Feb,9,57,26,1,Sunday,Sun,39.2,26-02-2017,0,0,241
2017-02-27,27022017,4821665.5,486632,910168.6,303711,27022017,27-02-17,2017,Feb-2017,201702,1,Q1-2017,2,February,Feb,9,58,27,2,Monday,Mon,44.6,27-02-2017,1,0,242
2017-02-28,28022017,5064480.5,513884,906892.8,322147,28022017,28-02-17,2017,Feb-2017,201702,1,Q1-2017,2,February,Feb,9,59,28,3,Tuesday,Tue,53.6,28-02-2017,0,0,243
2017-03-01,1032017,5533551.5,541967,988530.75,339858,1032017,01-03-17,2017,Mar-2017,201703,1,Q1-2017,3,March,Mar,9,60,1,4,Wednesday,Wed,62.6,01-03-2017,0,0,244
2017-03-02,2032017,5923610.5,591467,1037629.1,370525,2032017,02-03-17,2017,Mar-2017,201703,1,Q1-2017,3,March,Mar,9,61,2,5,Thursday,Thu,50,02-03-2017,0,0,245
2017-03-03,3032017,6136364,634805,1080511.8,392574,3032017,03-03-17,2017,Mar-2017,201703,1,Q1-2017,3,March,Mar,9,62,3,6,Friday,Fri,32,03-03-2017,0,0,246
2017-03-04,4032017,5741207,674050,1046096.06,401319,4032017,04-03-17,2017,Mar-2017,201703,1,Q1-2017,3,March,Mar,9,63,4,7,Saturday,Sat,24.8,04-03-2017,0,0,247
2017-03-05,5032017,5062926,542750,1004205.4,324522,5032017,05-03-17,2017,Mar-2017,201703,1,Q1-2017,3,March,Mar,10,64,5,1,Sunday,Sun,26.6,05-03-2017,1,0,248
2017-03-06,6032017,4855516.5,487516,904556.9,307317,6032017,06-03-17,2017,Mar-2017,201703,1,Q1-2017,3,March,Mar,10,65,6,2,Monday,Mon,35.6,06-03-2017,0,0,249
2017-03-07,7032017,5181196,524818,909278.56,330150,7032017,07-03-17,2017,Mar-2017,201703,1,Q1-2017,3,March,Mar,10,66,7,3,Tuesday,Tue,48.2,07-03-2017,1,0,250
2017-03-08,8032017,5487373.5,540325,971218.9,340345,8032017,08-03-17,2017,Mar-2017,201703,1,Q1-2017,3,March,Mar,10,67,8,4,Wednesday,Wed,53.6,08-03-2017,1,0,251
2017-03-09,9032017,5871452.5,575121,1043864.9,360450,9032017,09-03-17,2017,Mar-2017,201703,1,Q1-2017,3,March,Mar,10,68,9,5,Thursday,Thu,53.6,09-03-2017,0,0,252
2017-03-10,10032017,5827342.5,611050,1034668.4,378241,10032017,10-03-17,2017,Mar-2017,201703,1,Q1-2017,3,March,Mar,10,69,10,6,Friday,Fri,35.6,10-03-2017,1,0,253
2017-03-11,11032017,5761187.5,669788,1058407.5,398432,11032017,11-03-17,2017,Mar-2017,201703,1,Q1-2017,3,March,Mar,10,70,11,7,Saturday,Sat,23,11-03-2017,0,0,254
2017-03-12,12032017,5080152,554261,1011049.8,332929,12032017,12-03-17,2017,Mar-2017,201703,1,Q1-2017,3,March,Mar,11,71,12,1,Sunday,Sun,24.8,12-03-2017,0,0,255
2017-03-13,13032017,5352938,530680,951271.06,333977,13032017,13-03-17,2017,Mar-2017,201703,1,Q1-2017,3,March,Mar,11,72,13,2,Monday,Mon,26.6,13-03-2017,0,0,256
2017-03-14,14032017,1320921.9,164319,250343.69,99625,14032017,14-03-17,2017,Mar-2017,201703,1,Q1-2017,3,March,Mar,11,73,14,3,Tuesday,Tue,26.6,14-03-2017,0,0,257
2017-03-15,15032017,5217193.5,467868,862282.5,290055,15032017,15-03-17,2017,Mar-2017,201703,1,Q1-2017,3,March,Mar,11,74,15,4,Wednesday,Wed,23,15-03-2017,1,0,258
2017-03-16,16032017,6099597,503780,978307.9,314328,16032017,16-03-17,2017,Mar-2017,201703,1,Q1-2017,3,March,Mar,11,75,16,5,Thursday,Thu,32,16-03-2017,0,0,259
2017-03-17,17032017,5986609,514878,994711.94,316347,17032017,17-03-17,2017,Mar-2017,201703,1,Q1-2017,3,March,Mar,11,76,17,6,Friday,Fri,37.4,17-03-2017,0,0,260
2017-03-18,18032017,5596253,612475,1019541.5,363001,18032017,18-03-17,2017,Mar-2017,201703,1,Q1-2017,3,March,Mar,11,77,18,7,Saturday,Sat,37.4,18-03-2017,1,0,261
2017-03-19,19032017,4960814,498939,993904.75,298548,19032017,19-03-17,2017,Mar-2017,201703,1,Q1-2017,3,March,Mar,12,78,19,1,Sunday,Sun,41,19-03-2017,0,0,262
2017-03-20,20032017,4889318,449552,905636.75,282659,20032017,20-03-17,2017,Mar-2017,201703,1,Q1-2017,3,March,Mar,12,79,20,2,Monday,Mon,42.8,20-03-2017,0,0,263
2017-03-21,21032017,4992935.5,481267,887537.44,303014,21032017,21-03-17,2017,Mar-2017,201703,1,Q1-2017,3,March,Mar,12,80,21,3,Tuesday,Tue,51.8,21-03-2017,1,0,264
2017-03-22,22032017,5510016.5,546789,956945.1,344931,22032017,22-03-17,2017,Mar-2017,201703,1,Q1-2017,3,March,Mar,12,81,22,4,Wednesday,Wed,37.4,22-03-2017,0,0,265
2017-03-23,23032017,5726666.5,548679,1010615.1,343377,23032017,23-03-17,2017,Mar-2017,201703,1,Q1-2017,3,March,Mar,12,82,23,5,Thursday,Thu,33.8,23-03-2017,0,0,266
2017-03-24,24032017,5665512,542963,1007681.06,338427,24032017,24-03-17,2017,Mar-2017,201703,1,Q1-2017,3,March,Mar,12,83,24,6,Friday,Fri,46.4,24-03-2017,0,0,267
2017-03-25,25032017,5235467.5,579669,982613.1,344206,25032017,25-03-17,2017,Mar-2017,201703,1,Q1-2017,3,March,Mar,12,84,25,7,Saturday,Sat,51.8,25-03-2017,1,0,268
2017-03-26,26032017,4878430.5,501617,974964.8,301353,26032017,26-03-17,2017,Mar-2017,201703,1,Q1-2017,3,March,Mar,13,85,26,1,Sunday,Sun,39.2,26-03-2017,1,0,269
2017-03-27,27032017,4682976.5,450703,893388.06,283853,27032017,27-03-17,2017,Mar-2017,201703,1,Q1-2017,3,March,Mar,13,86,27,2,Monday,Mon,44.6,27-03-2017,0,0,270
2017-03-28,28032017,5382873,525536,918247.6,331066,28032017,28-03-17,2017,Mar-2017,201703,1,Q1-2017,3,March,Mar,13,87,28,3,Tuesday,Tue,44.6,28-03-2017,0,0,271
2017-03-29,29032017,5438458,523819,967460,329248,29032017,29-03-17,2017,Mar-2017,201703,1,Q1-2017,3,March,Mar,13,88,29,4,Wednesday,Wed,51.8,29-03-2017,0,0,272
2017-03-30,30032017,5851280.5,557045,1027844.75,349594,30032017,30-03-17,2017,Mar-2017,201703,1,Q1-2017,3,March,Mar,13,89,30,5,Thursday,Thu,44.6,30-03-2017,0,0,273
2017-03-31,31032017,6084874,606637,1019452.06,375682,31032017,31-03-17,2017,Mar-2017,201703,1,Q1-2017,3,March,Mar,13,90,31,6,Friday,Fri,39.2,31-03-2017,0,0,274
2017-04-01,1042017,5321997.5,591182,1004264,353230,1042017,01-04-17,2017,Apr-2017,201704,2,Q2-2017,4,April,Apr,13,91,1,7,Saturday,Sat,42.8,01-04-2017,1,0,275
2017-04-02,2042017,5062982.5,518924,1016236.8,310383,2042017,02-04-17,2017,Apr-2017,201704,2,Q2-2017,4,April,Apr,14,92,2,1,Sunday,Sun,51.8,02-04-2017,1,0,276
2017-04-03,3042017,4908541,477679,929765.6,301636,3042017,03-04-17,2017,Apr-2017,201704,2,Q2-2017,4,April,Apr,14,93,3,2,Monday,Mon,55.4,03-04-2017,0,0,277
2017-04-04,4042017,5192491,532443,925388.4,333846,4042017,04-04-17,2017,Apr-2017,201704,2,Q2-2017,4,April,Apr,14,94,4,3,Tuesday,Tue,48.2,04-04-2017,0,0,278
2017-04-05,5042017,5666814,554373,1004046.06,347944,5042017,05-04-17,2017,Apr-2017,201704,2,Q2-2017,4,April,Apr,14,95,5,4,Wednesday,Wed,55.4,05-04-2017,0,0,279
2017-04-06,6042017,5938483,573583,1012409.9,360681,6042017,06-04-17,2017,Apr-2017,201704,2,Q2-2017,4,April,Apr,14,96,6,5,Thursday,Thu,46.4,06-04-2017,0,0,280
2017-04-07,7042017,6317904,615085,1130009.8,380391,7042017,07-04-17,2017,Apr-2017,201704,2,Q2-2017,4,April,Apr,14,97,7,6,Friday,Fri,46.4,07-04-2017,1,0,281
2017-04-08,8042017,5542490.5,609619,1035739.4,361795,8042017,08-04-17,2017,Apr-2017,201704,2,Q2-2017,4,April,Apr,14,98,8,7,Saturday,Sat,48.2,08-04-2017,1,0,282
2017-04-09,9042017,5013957.5,526465,1010868.25,314426,9042017,09-04-17,2017,Apr-2017,201704,2,Q2-2017,4,April,Apr,15,99,9,1,Sunday,Sun,55.4,09-04-2017,0,0,283
2017-04-10,10042017,4635310.5,461581,870164.44,284484,10042017,10-04-17,2017,Apr-2017,201704,2,Q2-2017,4,April,Apr,15,100,10,2,Monday,Mon,64.4,10-04-2017,0,0,284
2017-04-11,11042017,4914187,501368,902672.25,309712,11042017,11-04-17,2017,Apr-2017,201704,2,Q2-2017,4,April,Apr,15,101,11,3,Tuesday,Tue,71.6,11-04-2017,1,0,285
2017-04-12,12042017,5225588,522377,940933.1,323056,12042017,12-04-17,2017,Apr-2017,201704,2,Q2-2017,4,April,Apr,15,102,12,4,Wednesday,Wed,66.2,12-04-2017,1,0,286
2017-04-13,13042017,5722287.5,549517,1006491.25,338739,13042017,13-04-17,2017,Apr-2017,201704,2,Q2-2017,4,April,Apr,15,103,13,5,Thursday,Thu,57.2,13-04-2017,0,0,287
2017-04-14,14042017,5228268.5,549788,967143.9,330561,14042017,14-04-17,2017,Apr-2017,201704,2,Q2-2017,4,April,Apr,15,104,14,6,Friday,Fri,57.2,14-04-2017,0,0,288
2017-04-15,15042017,4583454.5,529105,879175.56,310660,15042017,15-04-17,2017,Apr-2017,201704,2,Q2-2017,4,April,Apr,15,105,15,7,Saturday,Sat,57.2,15-04-2017,0,0,289
2017-04-16,16042017,4453641.5,472330,920804.7,279678,16042017,16-04-17,2017,Apr-2017,201704,2,Q2-2017,4,April,Apr,16,106,16,1,Sunday,Sun,73.4,16-04-2017,0,0,290
2017-04-17,17042017,4595847,451524,897694.06,280223,17042017,17-04-17,2017,Apr-2017,201704,2,Q2-2017,4,April,Apr,16,107,17,2,Monday,Mon,66.2,17-04-2017,0,0,291
2017-04-18,18042017,5300914,521676,966322.1,324580,18042017,18-04-17,2017,Apr-2017,201704,2,Q2-2017,4,April,Apr,16,108,18,3,Tuesday,Tue,55.4,18-04-2017,1,0,292
2017-04-19,19042017,5745122,557473,1008995.9,349409,19042017,19-04-17,2017,Apr-2017,201704,2,Q2-2017,4,April,Apr,16,109,19,4,Wednesday,Wed,50,19-04-2017,0,0,293
2017-04-20,20042017,6087660,571353,1055920.1,358652,20042017,20-04-17,2017,Apr-2017,201704,2,Q2-2017,4,April,Apr,16,110,20,5,Thursday,Thu,57.2,20-04-2017,0,0,294
2017-04-21,21042017,6326509,607960,1098977.4,377079,21042017,21-04-17,2017,Apr-2017,201704,2,Q2-2017,4,April,Apr,16,111,21,6,Friday,Fri,51.8,21-04-2017,0,0,295
2017-04-22,22042017,5594755.5,587511,995419.6,350210,22042017,22-04-17,2017,Apr-2017,201704,2,Q2-2017,4,April,Apr,16,112,22,7,Saturday,Sat,53.6,22-04-2017,0,0,296
2017-04-23,23042017,5236490,528792,1050255.2,318691,23042017,23-04-17,2017,Apr-2017,201704,2,Q2-2017,4,April,Apr,17,113,23,1,Sunday,Sun,55.4,23-04-2017,0,0,297
2017-04-24,24042017,5285303,489512,955213.5,308264,24042017,24-04-17,2017,Apr-2017,201704,2,Q2-2017,4,April,Apr,17,114,24,2,Monday,Mon,53.6,24-04-2017,1,0,298
2017-04-25,25042017,5508548,542899,941097.1,342305,25042017,25-04-17,2017,Apr-2017,201704,2,Q2-2017,4,April,Apr,17,115,25,3,Tuesday,Tue,51.8,25-04-2017,0,0,299
2017-04-26,26042017,5791178.5,542430,1007358.1,342415,26042017,26-04-17,2017,Apr-2017,201704,2,Q2-2017,4,April,Apr,17,116,26,4,Wednesday,Wed,57.2,26-04-2017,0,0,300
2017-04-27,27042017,5929462.5,552109,1018132,346884,27042017,27-04-17,2017,Apr-2017,201704,2,Q2-2017,4,April,Apr,17,117,27,5,Thursday,Thu,64.4,27-04-2017,0,0,301
2017-04-28,28042017,6164736,572725,1081521.1,356424,28042017,28-04-17,2017,Apr-2017,201704,2,Q2-2017,4,April,Apr,17,118,28,6,Friday,Fri,71.6,28-04-2017,0,0,302
2017-04-29,29042017,5558007,605790,1037721.4,361004,29042017,29-04-17,2017,Apr-2017,201704,2,Q2-2017,4,April,Apr,17,119,29,7,Saturday,Sat,75.2,29-04-2017,0,0,303
2017-04-30,30042017,5093508,521117,1020925.75,313175,30042017,30-04-17,2017,Apr-2017,201704,2,Q2-2017,4,April,Apr,18,120,30,1,Sunday,Sun,60.8,30-04-2017,0,0,304
2017-05-01,1052017,4968631,480624,929325.5,301049,1052017,01-05-17,2017,May-2017,201705,2,Q2-2017,5,May,May,18,121,1,2,Monday,Mon,62.6,01-05-2017,0,0,305
2017-05-02,2052017,5519429.5,525857,972842.3,330188,2052017,02-05-17,2017,May-2017,201705,2,Q2-2017,5,May,May,18,122,2,3,Tuesday,Tue,69.8,02-05-2017,0,0,306
2017-05-03,3052017,5696053,544928,994545.2,343510,3052017,03-05-17,2017,May-2017,201705,2,Q2-2017,5,May,May,18,123,3,4,Wednesday,Wed,57.2,03-05-2017,0,0,307
2017-05-04,4052017,5886793,562981,1029697.56,353075,4052017,04-05-17,2017,May-2017,201705,2,Q2-2017,5,May,May,18,124,4,5,Thursday,Thu,55.4,04-05-2017,0,0,308
2017-05-05,5052017,5983682,580599,1015479.2,360215,5052017,05-05-17,2017,May-2017,201705,2,Q2-2017,5,May,May,18,125,5,6,Friday,Fri,55.4,05-05-2017,0,0,309
2017-05-06,6052017,5633790.5,614829,1064410.6,367770,6052017,06-05-17,2017,May-2017,201705,2,Q2-2017,5,May,May,18,126,6,7,Saturday,Sat,60.8,06-05-2017,0,0,310
2017-05-07,7052017,5176167.5,522526,1041904.06,315530,7052017,07-05-17,2017,May-2017,201705,2,Q2-2017,5,May,May,19,127,7,1,Sunday,Sun,51.8,07-05-2017,0,0,311
2017-05-08,8052017,5018749.5,484804,929216.1,304736,8052017,08-05-17,2017,May-2017,201705,2,Q2-2017,5,May,May,19,128,8,2,Monday,Mon,51.8,08-05-2017,0,0,312
2017-05-09,9052017,5419293,521669,946901.2,328241,9052017,09-05-17,2017,May-2017,201705,2,Q2-2017,5,May,May,19,129,9,3,Tuesday,Tue,55.4,09-05-2017,0,0,313
2017-05-10,10052017,5665437,535969,983191.1,338040,10052017,10-05-17,2017,May-2017,201705,2,Q2-2017,5,May,May,19,130,10,4,Wednesday,Wed,55.4,10-05-2017,0,0,314
2017-05-11,11052017,5979131,549276,1019900,345607,11052017,11-05-17,2017,May-2017,201705,2,Q2-2017,5,May,May,19,131,11,5,Thursday,Thu,57.2,11-05-2017,0,0,315
2017-05-12,12052017,6008471.5,566743,1040778.94,351525,12052017,12-05-17,2017,May-2017,201705,2,Q2-2017,5,May,May,19,132,12,6,Friday,Fri,57.2,12-05-2017,1,0,316
2017-05-13,13052017,5346391,617763,982370.75,368401,13052017,13-05-17,2017,May-2017,201705,2,Q2-2017,5,May,May,19,133,13,7,Saturday,Sat,48.2,13-05-2017,0,0,317
2017-05-14,14052017,4784440.5,494693,970230.6,294786,14052017,14-05-17,2017,May-2017,201705,2,Q2-2017,5,May,May,20,134,14,1,Sunday,Sun,57.2,14-05-2017,0,0,318
2017-05-15,15052017,5337735.5,497334,976859.3,310193,15052017,15-05-17,2017,May-2017,201705,2,Q2-2017,5,May,May,20,135,15,2,Monday,Mon,60.8,15-05-2017,1,0,319
2017-05-16,16052017,5661456.5,535175,986457.06,334798,16052017,16-05-17,2017,May-2017,201705,2,Q2-2017,5,May,May,20,136,16,3,Tuesday,Tue,68,16-05-2017,1,0,320
2017-05-17,17052017,5951520.5,558563,1019501.75,349423,17052017,17-05-17,2017,May-2017,201705,2,Q2-2017,5,May,May,20,137,17,4,Wednesday,Wed,78.8,17-05-2017,0,0,321
2017-05-18,18052017,6329407.5,555463,1052779.1,346374,18052017,18-05-17,2017,May-2017,201705,2,Q2-2017,5,May,May,20,138,18,5,Thursday,Thu,84.2,18-05-2017,1,0,322
2017-05-19,19052017,6359960,586488,1097957.4,361535,19052017,19-05-17,2017,May-2017,201705,2,Q2-2017,5,May,May,20,139,19,6,Friday,Fri,78.8,19-05-2017,1,0,323
2017-05-20,20052017,5845630,611553,1080036.8,364986,20052017,20-05-17,2017,May-2017,201705,2,Q2-2017,5,May,May,20,140,20,7,Saturday,Sat,60.8,20-05-2017,0,0,324
2017-05-21,21052017,5371397,529770,1067258,316861,21052017,21-05-17,2017,May-2017,201705,2,Q2-2017,5,May,May,21,141,21,1,Sunday,Sun,60.8,21-05-2017,1,0,325
2017-05-22,22052017,5188081.5,491310,919787.7,305062,22052017,22-05-17,2017,May-2017,201705,2,Q2-2017,5,May,May,21,142,22,2,Monday,Mon,57.2,22-05-2017,0,0,326
2017-05-23,23052017,5454602.5,511952,966590.1,321319,23052017,23-05-17,2017,May-2017,201705,2,Q2-2017,5,May,May,21,143,23,3,Tuesday,Tue,62.6,23-05-2017,1,0,327
2017-05-24,24052017,5691896.5,536361,985799.3,334145,24052017,24-05-17,2017,May-2017,201705,2,Q2-2017,5,May,May,21,144,24,4,Wednesday,Wed,62.6,24-05-2017,0,0,328
2017-05-25,25052017,5757055.5,542931,966543.06,339880,25052017,25-05-17,2017,May-2017,201705,2,Q2-2017,5,May,May,21,145,25,5,Thursday,Thu,57.2,25-05-2017,0,0,329
2017-05-26,26052017,5193145.5,493183,964717.6,303526,26052017,26-05-17,2017,May-2017,201705,2,Q2-2017,5,May,May,21,146,26,6,Friday,Fri,64.4,26-05-2017,0,0,330
2017-05-27,27052017,4051798.5,448400,821225.9,265381,27052017,27-05-17,2017,May-2017,201705,2,Q2-2017,5,May,May,21,147,27,7,Saturday,Sat,64.4,27-05-2017,0,0,331
2017-05-28,28052017,3706400,408645,772118.25,239685,28052017,28-05-17,2017,May-2017,201705,2,Q2-2017,5,May,May,22,148,28,1,Sunday,Sun,64.4,28-05-2017,0,0,332
2017-05-29,29052017,3552535,356339,778283.2,211746,29052017,29-05-17,2017,May-2017,201705,2,Q2-2017,5,May,May,22,149,29,2,Monday,Mon,59,29-05-2017,0,0,333
2017-05-30,30052017,4887529,471566,882230.8,294637,30052017,30-05-17,2017,May-2017,201705,2,Q2-2017,5,May,May,22,150,30,3,Tuesday,Tue,57.2,30-05-2017,0,0,334
2017-05-31,31052017,6209205.5,521138,953931.1,325643,31052017,31-05-17,2017,May-2017,201705,2,Q2-2017,5,May,May,22,151,31,4,Wednesday,Wed,66.2,31-05-2017,1,0,335
2017-06-01,1062017,5688924,548844,995508.5,342057,1062017,01-06-17,2017,Jun-2017,201706,2,Q2-2017,6,June,Jun,22,152,1,5,Thursday,Thu,69.8,01-06-2017,0,0,336
2017-06-02,2062017,5715503,557521,1005535,344754,2062017,02-06-17,2017,Jun-2017,201706,2,Q2-2017,6,June,Jun,22,153,2,6,Friday,Fri,66.2,02-06-2017,0,0,337
2017-06-03,3062017,5122711,570379,977310.25,339243,3062017,03-06-17,2017,Jun-2017,201706,2,Q2-2017,6,June,Jun,22,154,3,7,Saturday,Sat,64.4,03-06-2017,0,0,338
2017-06-04,4062017,4917092.5,488235,977441.8,291784,4062017,04-06-17,2017,Jun-2017,201706,2,Q2-2017,6,June,Jun,23,155,4,1,Sunday,Sun,62.6,04-06-2017,0,0,339
2017-06-05,5062017,5032233,484563,933995,301670,5062017,05-06-17,2017,Jun-2017,201706,2,Q2-2017,6,June,Jun,23,156,5,2,Monday,Mon,62.6,05-06-2017,1,0,340
2017-06-06,6062017,5559868.5,541635,960883.2,339231,6062017,06-06-17,2017,Jun-2017,201706,2,Q2-2017,6,June,Jun,23,157,6,3,Tuesday,Tue,55.4,06-06-2017,1,0,341
2017-06-07,7062017,5650872,539555,980378.5,337370,7062017,07-06-17,2017,Jun-2017,201706,2,Q2-2017,6,June,Jun,23,158,7,4,Wednesday,Wed,59,07-06-2017,0,0,342
2017-06-08,8062017,5958878,561825,1044936.4,350940,8062017,08-06-17,2017,Jun-2017,201706,2,Q2-2017,6,June,Jun,23,159,8,5,Thursday,Thu,62.6,08-06-2017,0,0,343
2017-06-09,9062017,5659837.5,549309,1005903.75,339643,9062017,09-06-17,2017,Jun-2017,201706,2,Q2-2017,6,June,Jun,23,160,9,6,Friday,Fri,66.2,09-06-2017,0,0,344
2017-06-10,10062017,5090202,565212,971453.75,335439,10062017,10-06-17,2017,Jun-2017,201706,2,Q2-2017,6,June,Jun,23,161,10,7,Saturday,Sat,75.2,10-06-2017,0,0,345
2017-06-11,11062017,4683446.5,470690,944904.44,280735,11062017,11-06-17,2017,Jun-2017,201706,2,Q2-2017,6,June,Jun,24,162,11,1,Sunday,Sun,80.6,11-06-2017,0,0,346
2017-06-12,12062017,5078452.5,498040,938858,309109,12062017,12-06-17,2017,Jun-2017,201706,2,Q2-2017,6,June,Jun,24,163,12,2,Monday,Mon,84.2,12-06-2017,0,0,347
2017-06-13,13062017,5293298,530577,911649.5,331533,13062017,13-06-17,2017,Jun-2017,201706,2,Q2-2017,6,June,Jun,24,164,13,3,Tuesday,Tue,86,13-06-2017,0,0,348
2017-06-14,14062017,5804146.5,554552,995196.4,346855,14062017,14-06-17,2017,Jun-2017,201706,2,Q2-2017,6,June,Jun,24,165,14,4,Wednesday,Wed,77,14-06-2017,1,0,349
2017-06-15,15062017,5856010.5,554042,1023223.5,345470,15062017,15-06-17,2017,Jun-2017,201706,2,Q2-2017,6,June,Jun,24,166,15,5,Thursday,Thu,69.8,15-06-2017,1,0,350
2017-06-16,16062017,5598791,549121,1010439.4,339377,16062017,16-06-17,2017,Jun-2017,201706,2,Q2-2017,6,June,Jun,24,167,16,6,Friday,Fri,66.2,16-06-2017,1,0,351
2017-06-17,17062017,4817925.5,531378,910787.1,316076,17062017,17-06-17,2017,Jun-2017,201706,2,Q2-2017,6,June,Jun,24,168,17,7,Saturday,Sat,69.8,17-06-2017,0,0,352
2017-06-18,18062017,4388317,461648,905300.9,275512,18062017,18-06-17,2017,Jun-2017,201706,2,Q2-2017,6,June,Jun,25,169,18,1,Sunday,Sun,78.8,18-06-2017,0,0,353
2017-06-19,19062017,4943555,488937,911894.1,303830,19062017,19-06-17,2017,Jun-2017,201706,2,Q2-2017,6,June,Jun,25,170,19,2,Monday,Mon,78.8,19-06-2017,0,0,354
2017-06-20,20062017,5970614,508241,957698.25,316489,20062017,20-06-17,2017,Jun-2017,201706,2,Q2-2017,6,June,Jun,25,171,20,3,Tuesday,Tue,77,20-06-2017,0,0,355
2017-06-21,21062017,5481921,528929,962283.8,328580,21062017,21-06-17,2017,Jun-2017,201706,2,Q2-2017,6,June,Jun,25,172,21,4,Wednesday,Wed,77,21-06-2017,0,0,356
2017-06-22,22062017,5708240,538055,994600.5,336171,22062017,22-06-17,2017,Jun-2017,201706,2,Q2-2017,6,June,Jun,25,173,22,5,Thursday,Thu,75.2,22-06-2017,1,0,357
2017-06-23,23062017,5635185.5,550145,988265.1,338580,23062017,23-06-17,2017,Jun-2017,201706,2,Q2-2017,6,June,Jun,25,174,23,6,Friday,Fri,80.6,23-06-2017,0,0,358
2017-06-24,24062017,4861499.5,530231,932229.5,315291,24062017,24-06-17,2017,Jun-2017,201706,2,Q2-2017,6,June,Jun,25,175,24,7,Saturday,Sat,78.8,24-06-2017,0,0,359
2017-06-25,25062017,4368502,407881,895073.1,246594,25062017,25-06-17,2017,Jun-2017,201706,2,Q2-2017,6,June,Jun,26,176,25,1,Sunday,Sun,75.2,25-06-2017,1,0,360
2017-06-26,26062017,4879368,468193,925297.4,288537,26062017,26-06-17,2017,Jun-2017,201706,2,Q2-2017,6,June,Jun,26,177,26,2,Monday,Mon,71.6,26-06-2017,0,0,361
2017-06-27,27062017,5292081,511929,945113.8,318840,27062017,27-06-17,2017,Jun-2017,201706,2,Q2-2017,6,June,Jun,26,178,27,3,Tuesday,Tue,69.8,27-06-2017,1,0,362
2017-06-28,28062017,5363287,503166,939598,313770,28062017,28-06-17,2017,Jun-2017,201706,2,Q2-2017,6,June,Jun,26,179,28,4,Wednesday,Wed,69.8,28-06-2017,1,0,363
2017-06-29,29062017,5400457.5,499380,930291.25,310811,29062017,29-06-17,2017,Jun-2017,201706,2,Q2-2017,6,June,Jun,26,180,29,5,Thursday,Thu,75.2,29-06-2017,0,0,364
2017-06-30,30062017,4904706,488391,884848.6,300397,30062017,30-06-17,2017,Jun-2017,201706,2,Q2-2017,6,June,Jun,26,181,30,6,Friday,Fri,80.6,30-06-2017,0,0,365
2017-07-01,1072017,3768875.8,415359,764004.75,243495,1072017,01-07-17,2017,Jul-2017,201707,3,Q3-2017,7,July,Jul,26,182,1,7,Saturday,Sat,78.8,01-07-2017,1,0,366
2017-07-02,2072017,3127644.8,346590,662453.7,202345,2072017,02-07-17,2017,Jul-2017,201707,3,Q3-2017,7,July,Jul,27,183,2,1,Sunday,Sun,80.6,02-07-2017,0,0,367
2017-07-03,3072017,2874615,325814,580343.44,191606,3072017,03-07-17,2017,Jul-2017,201707,3,Q3-2017,7,July,Jul,27,184,3,2,Monday,Mon,80.6,03-07-2017,0,0,368
2017-07-04,4072017,2923447.2,315844,620121.2,183613,4072017,04-07-17,2017,Jul-2017,201707,3,Q3-2017,7,July,Jul,27,185,4,3,Tuesday,Tue,78.8,04-07-2017,0,0,369
2017-07-05,5072017,4003493,407523,764880.9,248645,5072017,05-07-17,2017,Jul-2017,201707,3,Q3-2017,7,July,Jul,27,186,5,4,Wednesday,Wed,78.8,05-07-2017,0,0,370
2017-07-06,6072017,4395286.5,443521,785939.7,274399,6072017,06-07-17,2017,Jul-2017,201707,3,Q3-2017,7,July,Jul,27,187,6,5,Thursday,Thu,73.4,06-07-2017,0,0,371
2017-07-07,7072017,4488657,471811,777664.56,288284,7072017,07-07-17,2017,Jul-2017,201707,3,Q3-2017,7,July,Jul,27,188,7,6,Friday,Fri,73.4,07-07-2017,0,0,372
2017-07-08,8072017,4028879.2,442844,795912.06,262054,8072017,08-07-17,2017,Jul-2017,201707,3,Q3-2017,7,July,Jul,27,189,8,7,Saturday,Sat,77,08-07-2017,0,0,373
2017-07-09,9072017,3985274,406109,835700.6,241391,9072017,09-07-17,2017,Jul-2017,201707,3,Q3-2017,7,July,Jul,28,190,9,1,Sunday,Sun,73.4,09-07-2017,1,0,374
2017-07-10,10072017,4416600,436231,831922.25,268736,10072017,10-07-17,2017,Jul-2017,201707,3,Q3-2017,7,July,Jul,28,191,10,2,Monday,Mon,75.2,10-07-2017,1,0,375
2017-07-11,11072017,4891283.5,483103,869202.5,300103,11072017,11-07-17,2017,Jul-2017,201707,3,Q3-2017,7,July,Jul,28,192,11,3,Tuesday,Tue,80.6,11-07-2017,1,0,376
2017-07-12,12072017,5228068.5,512238,907121.5,318510,12072017,12-07-17,2017,Jul-2017,201707,3,Q3-2017,7,July,Jul,28,193,12,4,Wednesday,Wed,82.4,12-07-2017,0,0,377
2017-07-13,13072017,5420450.5,514998,913926.7,320264,13072017,13-07-17,2017,Jul-2017,201707,3,Q3-2017,7,July,Jul,28,194,13,5,Thursday,Thu,84.2,13-07-2017,0,0,378
2017-07-14,14072017,5278637,496640,921044.44,305410,14072017,14-07-17,2017,Jul-2017,201707,3,Q3-2017,7,July,Jul,28,195,14,6,Friday,Fri,69.8,14-07-2017,1,0,379
2017-07-15,15072017,4384792,463193,842118.1,275185,15072017,15-07-17,2017,Jul-2017,201707,3,Q3-2017,7,July,Jul,28,196,15,7,Saturday,Sat,75.2,15-07-2017,1,0,380
2017-07-16,16072017,4237571.5,432344,872833.2,258214,16072017,16-07-17,2017,Jul-2017,201707,3,Q3-2017,7,July,Jul,29,197,16,1,Sunday,Sun,78.8,16-07-2017,0,0,381
2017-07-17,17072017,4601385.5,451134,859856.8,279191,17072017,17-07-17,2017,Jul-2017,201707,3,Q3-2017,7,July,Jul,29,198,17,2,Monday,Mon,78.8,17-07-2017,0,0,382
2017-07-18,18072017,5074310.5,491863,892298.9,305618,18072017,18-07-17,2017,Jul-2017,201707,3,Q3-2017,7,July,Jul,29,199,18,3,Tuesday,Tue,80.6,18-07-2017,0,0,383
2017-07-19,19072017,5345627,519509,921196.56,321943,19072017,19-07-17,2017,Jul-2017,201707,3,Q3-2017,7,July,Jul,29,200,19,4,Wednesday,Wed,84.2,19-07-2017,1,0,384
2017-07-20,20072017,5502160,517195,933395,321911,20072017,20-07-17,2017,Jul-2017,201707,3,Q3-2017,7,July,Jul,29,201,20,5,Thursday,Thu,86,20-07-2017,0,0,385
2017-07-21,21072017,5160413,502584,916753.4,309226,21072017,21-07-17,2017,Jul-2017,201707,3,Q3-2017,7,July,Jul,29,202,21,6,Friday,Fri,84.2,21-07-2017,0,0,386
2017-07-22,22072017,4407388.5,487937,835539.44,288747,22072017,22-07-17,2017,Jul-2017,201707,3,Q3-2017,7,July,Jul,29,203,22,7,Saturday,Sat,82.4,22-07-2017,0,0,387
2017-07-23,23072017,3944726,406370,794444.06,241888,23072017,23-07-17,2017,Jul-2017,201707,3,Q3-2017,7,July,Jul,30,204,23,1,Sunday,Sun,75.2,23-07-2017,0,0,388
2017-07-24,24072017,4544209.5,441259,848734.7,272540,24072017,24-07-17,2017,Jul-2017,201707,3,Q3-2017,7,July,Jul,30,205,24,2,Monday,Mon,68,24-07-2017,1,0,389
2017-07-25,25072017,4774980.5,468474,860715.5,289835,25072017,25-07-17,2017,Jul-2017,201707,3,Q3-2017,7,July,Jul,30,206,25,3,Tuesday,Tue,66.2,25-07-2017,0,0,390
2017-07-26,26072017,5080260,488297,893551.7,303429,26072017,26-07-17,2017,Jul-2017,201707,3,Q3-2017,7,July,Jul,30,207,26,4,Wednesday,Wed,71.6,26-07-2017,0,0,391
2017-07-27,27072017,5322963.5,505692,929300.06,313508,27072017,27-07-17,2017,Jul-2017,201707,3,Q3-2017,7,July,Jul,30,208,27,5,Thursday,Thu,71.6,27-07-2017,0,0,392
2017-07-28,28072017,5014829.5,493562,897188.1,303181,28072017,28-07-17,2017,Jul-2017,201707,3,Q3-2017,7,July,Jul,30,209,28,6,Friday,Fri,78.8,28-07-2017,1,0,393
2017-07-29,29072017,4241001.5,458640,827893.75,272243,29072017,29-07-17,2017,Jul-2017,201707,3,Q3-2017,7,July,Jul,30,210,29,7,Saturday,Sat,71.6,29-07-2017,0,0,394
2017-07-30,30072017,4155900,424926,856310.9,252798,30072017,30-07-17,2017,Jul-2017,201707,3,Q3-2017,7,July,Jul,31,211,30,1,Sunday,Sun,73.4,30-07-2017,0,0,395
2017-07-31,31072017,4316171,427972,814071.6,263155,31072017,31-07-17,2017,Jul-2017,201707,3,Q3-2017,7,July,Jul,31,212,31,2,Monday,Mon,77,31-07-2017,0,0,396
2017-08-01,1082017,4601806.5,462920,824982.1,286897,1082017,01-08-17,2017,Aug-2017,201708,3,Q3-2017,8,August,Aug,31,213,1,3,Tuesday,Tue,82.4,01-08-2017,0,0,397
2017-08-02,2082017,5227086.5,492390,851534.9,304136,2082017,02-08-17,2017,Aug-2017,201708,3,Q3-2017,8,August,Aug,31,214,2,4,Wednesday,Wed,78.8,02-08-2017,0,0,398
2017-08-03,3082017,5289589,502564,940345.75,312292,3082017,03-08-17,2017,Aug-2017,201708,3,Q3-2017,8,August,Aug,31,215,3,5,Thursday,Thu,78.8,03-08-2017,0,0,399
2017-08-04,4082017,4931882.5,479174,880333.9,294675,4082017,04-08-17,2017,Aug-2017,201708,3,Q3-2017,8,August,Aug,31,216,4,6,Friday,Fri,77,04-08-2017,1,0,400
2017-08-05,5082017,4095976.2,442350,801432.25,261602,5082017,05-08-17,2017,Aug-2017,201708,3,Q3-2017,8,August,Aug,31,217,5,7,Saturday,Sat,73.4,05-08-2017,0,0,401
2017-08-06,6082017,4088230.8,400852,802973.06,237307,6082017,06-08-17,2017,Aug-2017,201708,3,Q3-2017,8,August,Aug,32,218,6,1,Sunday,Sun,69.8,06-08-2017,0,0,402
2017-08-07,7082017,4309896,436618,793145.5,267881,7082017,07-08-17,2017,Aug-2017,201708,3,Q3-2017,8,August,Aug,32,219,7,2,Monday,Mon,68,07-08-2017,0,0,403
2017-08-08,8082017,4521483,450764,832018.7,277738,8082017,08-08-17,2017,Aug-2017,201708,3,Q3-2017,8,August,Aug,32,220,8,3,Tuesday,Tue,71.6,08-08-2017,1,0,404
2017-08-09,9082017,4775501.5,470447,857734.2,290879,9082017,09-08-17,2017,Aug-2017,201708,3,Q3-2017,8,August,Aug,32,221,9,4,Wednesday,Wed,75.2,09-08-2017,1,0,405
2017-08-10,10082017,5061547,493871,905698.6,303735,10082017,10-08-17,2017,Aug-2017,201708,3,Q3-2017,8,August,Aug,32,222,10,5,Thursday,Thu,75.2,10-08-2017,1,0,406
2017-08-11,11082017,4663078.5,466497,846884.9,284851,11082017,11-08-17,2017,Aug-2017,201708,3,Q3-2017,8,August,Aug,32,223,11,6,Friday,Fri,75.2,11-08-2017,0,0,407
2017-08-12,12082017,3900551.2,428647,766191.56,252635,12082017,12-08-17,2017,Aug-2017,201708,3,Q3-2017,8,August,Aug,32,224,12,7,Saturday,Sat,71.6,12-08-2017,0,0,408
2017-08-13,13082017,3818885.2,380682,791391,225887,13082017,13-08-17,2017,Aug-2017,201708,3,Q3-2017,8,August,Aug,33,225,13,1,Sunday,Sun,77,13-08-2017,0,0,409
2017-08-14,14082017,3954871,389803,760969.9,239883,14082017,14-08-17,2017,Aug-2017,201708,3,Q3-2017,8,August,Aug,33,226,14,2,Monday,Mon,75.2,14-08-2017,0,0,410
2017-08-15,15082017,4420161,440610,798662.06,272689,15082017,15-08-17,2017,Aug-2017,201708,3,Q3-2017,8,August,Aug,33,227,15,3,Tuesday,Tue,71.6,15-08-2017,0,0,411
2017-08-16,16082017,4634054,456877,835773.6,282960,16082017,16-08-17,2017,Aug-2017,201708,3,Q3-2017,8,August,Aug,33,228,16,4,Wednesday,Wed,78.8,16-08-2017,0,0,412
2017-08-17,17082017,4794900,465963,867949.1,288903,17082017,17-08-17,2017,Aug-2017,201708,3,Q3-2017,8,August,Aug,33,229,17,5,Thursday,Thu,75.2,17-08-2017,0,0,413
2017-08-18,18082017,4589704,464014,822015.44,285540,18082017,18-08-17,2017,Aug-2017,201708,3,Q3-2017,8,August,Aug,33,230,18,6,Friday,Fri,78.8,18-08-2017,0,0,414
2017-08-19,19082017,4095368.2,439891,803234.8,261231,19082017,19-08-17,2017,Aug-2017,201708,3,Q3-2017,8,August,Aug,33,231,19,7,Saturday,Sat,80.6,19-08-2017,0,0,415
2017-08-20,20082017,3944191.8,400752,817446.06,238168,20082017,20-08-17,2017,Aug-2017,201708,3,Q3-2017,8,August,Aug,34,232,20,1,Sunday,Sun,75.2,20-08-2017,0,0,416
2017-08-21,21082017,4010148,400887,777841,247888,21082017,21-08-17,2017,Aug-2017,201708,3,Q3-2017,8,August,Aug,34,233,21,2,Monday,Mon,78.8,21-08-2017,1,0,417
2017-08-22,22082017,4519211.5,457529,820087.7,282457,22082017,22-08-17,2017,Aug-2017,201708,3,Q3-2017,8,August,Aug,34,234,22,3,Tuesday,Tue,80.6,22-08-2017,1,0,418
2017-08-23,23082017,4703789,456860,852735.8,283304,23082017,23-08-17,2017,Aug-2017,201708,3,Q3-2017,8,August,Aug,34,235,23,4,Wednesday,Wed,75.2,23-08-2017,0,0,419
2017-08-24,24082017,4706940.5,453685,856848.4,280754,24082017,24-08-17,2017,Aug-2017,201708,3,Q3-2017,8,August,Aug,34,236,24,5,Thursday,Thu,73.4,24-08-2017,0,0,420
2017-08-25,25082017,4480326.5,438294,830720.06,269250,25082017,25-08-17,2017,Aug-2017,201708,3,Q3-2017,8,August,Aug,34,237,25,6,Friday,Fri,71.6,25-08-2017,0,0,421
2017-08-26,26082017,3845162,417019,766832.5,247500,26082017,26-08-17,2017,Aug-2017,201708,3,Q3-2017,8,August,Aug,34,238,26,7,Saturday,Sat,69.8,26-08-2017,1,0,422
2017-08-27,27082017,3848657.5,392844,813611.4,233430,27082017,27-08-17,2017,Aug-2017,201708,3,Q3-2017,8,August,Aug,35,239,27,1,Sunday,Sun,71.6,27-08-2017,0,0,423
2017-08-28,28082017,3794244,371340,747229.2,229302,28082017,28-08-17,2017,Aug-2017,201708,3,Q3-2017,8,August,Aug,35,240,28,2,Monday,Mon,69.8,28-08-2017,0,0,424
2017-08-29,29082017,4393070.5,447300,793877.06,276266,29082017,29-08-17,2017,Aug-2017,201708,3,Q3-2017,8,August,Aug,35,241,29,3,Tuesday,Tue,66.2,29-08-2017,0,0,425
2017-08-30,30082017,4561346.5,431314,799675.44,265852,30082017,30-08-17,2017,Aug-2017,201708,3,Q3-2017,8,August,Aug,35,242,30,4,Wednesday,Wed,69.8,30-08-2017,1,0,426
2017-08-31,31082017,2525.9915,300,571.78015,318936,31082017,31-08-17,2017,Aug-2017,201708,3,Q3-2017,8,August,Aug,35,243,31,5,Thursday,Thu,73.4,31-08-2017,1,0,427
2017-08-31,31082017,4470962.5,438995,837563.56,270854,31082017,31-08-17,2017,Aug-2017,201708,3,Q3-2017,8,August,Aug,35,243,31,5,Thursday,Thu,73.4,31-08-2017,0,0,428
2017-09-01,1092017,4230360.5,420312,834530.1,257755,1092017,01-09-17,2017,Sep-2017,201709,3,Q3-2017,9,September,Sep,35,244,1,6,Friday,Fri,62.6,01-09-2017,0,0,429
2017-09-01,1092017,1416.65,138,312.09,326552,1092017,01-09-17,2017,Sep-2017,201709,3,Q3-2017,9,September,Sep,35,244,1,6,Friday,Fri,62.6,01-09-2017,0,0,430
2017-09-02,2092017,3634613.5,414545,741406.4,241705,2092017,02-09-17,2017,Sep-2017,201709,3,Q3-2017,9,September,Sep,35,245,2,7,Saturday,Sat,60.8,02-09-2017,0,0,431
2017-09-03,3092017,3208348.5,348518,668924,202801,3092017,03-09-17,2017,Sep-2017,201709,3,Q3-2017,9,September,Sep,36,246,3,1,Sunday,Sun,64.4,03-09-2017,0,0,432
2017-09-04,4092017,3470069.2,340081,763949.3,201467,4092017,04-09-17,2017,Sep-2017,201709,3,Q3-2017,9,September,Sep,36,247,4,2,Monday,Mon,71.6,04-09-2017,0,0,433
2017-09-05,5092017,4532243,445097,855196.06,274299,5092017,05-09-17,2017,Sep-2017,201709,3,Q3-2017,9,September,Sep,36,248,5,3,Tuesday,Tue,77,05-09-2017,0,0,434
2017-09-06,6092017,5146775,508815,910258.44,316220,6092017,06-09-17,2017,Sep-2017,201709,3,Q3-2017,9,September,Sep,36,249,6,4,Wednesday,Wed,66.2,06-09-2017,0,0,435
2017-09-07,7092017,5440435.5,521872,953203.8,325365,7092017,07-09-17,2017,Sep-2017,201709,3,Q3-2017,9,September,Sep,36,250,7,5,Thursday,Thu,64.4,07-09-2017,0,0,436
2017-09-08,8092017,5575850.5,541075,974746.25,333234,8092017,08-09-17,2017,Sep-2017,201709,3,Q3-2017,9,September,Sep,36,251,8,6,Friday,Fri,64.4,08-09-2017,0,0,437
2017-09-09,9092017,5002635,536086,909369.3,317673,9092017,09-09-17,2017,Sep-2017,201709,3,Q3-2017,9,September,Sep,36,252,9,7,Saturday,Sat,62.6,09-09-2017,1,0,438
2017-09-10,10092017,4748099.5,478928,939277.25,286782,10092017,10-09-17,2017,Sep-2017,201709,3,Q3-2017,9,September,Sep,37,253,10,1,Sunday,Sun,64.4,10-09-2017,0,0,439
2017-09-11,11092017,4742923,467228,868277.75,290232,11092017,11-09-17,2017,Sep-2017,201709,3,Q3-2017,9,September,Sep,37,254,11,2,Monday,Mon,66.2,11-09-2017,0,0,440
2017-09-12,12092017,5250553,509333,918162.56,317930,12092017,12-09-17,2017,Sep-2017,201709,3,Q3-2017,9,September,Sep,37,255,12,3,Tuesday,Tue,69.8,12-09-2017,0,0,441
2017-09-13,13092017,5451981.5,517979,933502.5,322854,13092017,13-09-17,2017,Sep-2017,201709,3,Q3-2017,9,September,Sep,37,256,13,4,Wednesday,Wed,73.4,13-09-2017,0,0,442
2017-09-14,14092017,5832436,535933,1004737.44,336090,14092017,14-09-17,2017,Sep-2017,201709,3,Q3-2017,9,September,Sep,37,257,14,5,Thursday,Thu,75.2,14-09-2017,0,0,443
2017-09-15,15092017,5691977.5,536367,991351.94,330993,15092017,15-09-17,2017,Sep-2017,201709,3,Q3-2017,9,September,Sep,37,258,15,6,Friday,Fri,73.4,15-09-2017,0,0,444
2017-09-16,16092017,5109918.5,551797,945527.25,328745,16092017,16-09-17,2017,Sep-2017,201709,3,Q3-2017,9,September,Sep,37,259,16,7,Saturday,Sat,75.2,16-09-2017,0,0,445
2017-09-17,17092017,4866707,475368,954354.6,285082,17092017,17-09-17,2017,Sep-2017,201709,3,Q3-2017,9,September,Sep,38,260,17,1,Sunday,Sun,75.2,17-09-2017,1,0,446
2017-09-18,18092017,4811437,417820,847491.7,261426,18092017,18-09-17,2017,Sep-2017,201709,3,Q3-2017,9,September,Sep,38,261,18,2,Monday,Mon,71.6,18-09-2017,0,0,447
2017-09-19,19092017,4828713.5,443238,812158.44,276547,19092017,19-09-17,2017,Sep-2017,201709,3,Q3-2017,9,September,Sep,38,262,19,3,Tuesday,Tue,73.4,19-09-2017,0,0,448
2017-09-20,20092017,4848607.5,455141,838068.94,284393,20092017,20-09-17,2017,Sep-2017,201709,3,Q3-2017,9,September,Sep,38,263,20,4,Wednesday,Wed,75.2,20-09-2017,0,0,449
2017-09-21,21092017,4762028.5,458399,844419.1,282999,21092017,21-09-17,2017,Sep-2017,201709,3,Q3-2017,9,September,Sep,38,264,21,5,Thursday,Thu,75.2,21-09-2017,0,0,450
2017-09-22,22092017,4995856,495794,895527.94,304565,22092017,22-09-17,2017,Sep-2017,201709,3,Q3-2017,9,September,Sep,38,265,22,6,Friday,Fri,73.4,22-09-2017,1,0,451
2017-09-23,23092017,4955485.5,543390,925922.06,321995,23092017,23-09-17,2017,Sep-2017,201709,3,Q3-2017,9,September,Sep,38,266,23,7,Saturday,Sat,78.8,23-09-2017,0,0,452
2017-09-24,24092017,4674224.5,464438,939136.7,278752,24092017,24-09-17,2017,Sep-2017,201709,3,Q3-2017,9,September,Sep,39,267,24,1,Sunday,Sun,80.6,24-09-2017,0,0,453
2017-09-25,25092017,4802670,457970,885499.1,286521,25092017,25-09-17,2017,Sep-2017,201709,3,Q3-2017,9,September,Sep,39,268,25,2,Monday,Mon,78.8,25-09-2017,0,0,454
2017-09-26,26092017,5107021.5,472717,863982.7,297140,26092017,26-09-17,2017,Sep-2017,201709,3,Q3-2017,9,September,Sep,39,269,26,3,Tuesday,Tue,75.2,26-09-2017,0,0,455
2017-09-27,27092017,5458761,518619,938770.56,326606,27092017,27-09-17,2017,Sep-2017,201709,3,Q3-2017,9,September,Sep,39,270,27,4,Wednesday,Wed,78.8,27-09-2017,1,0,456
2017-09-28,28092017,5669185,520986,970738.75,327471,28092017,28-09-17,2017,Sep-2017,201709,3,Q3-2017,9,September,Sep,39,271,28,5,Thursday,Thu,69.8,28-09-2017,0,0,457
2017-09-29,29092017,5454979,525188,957868.2,325520,29092017,29-09-17,2017,Sep-2017,201709,3,Q3-2017,9,September,Sep,39,272,29,6,Friday,Fri,62.6,29-09-2017,0,0,458
2017-09-30,30092017,4752.269,589,945.2297,369395,30092017,30-09-17,2017,Sep-2017,201709,3,Q3-2017,9,September,Sep,39,273,30,7,Saturday,Sat,60.8,30-09-2017,0,0,459
2017-09-30,30092017,4777882,538706,888140.25,319751,30092017,30-09-17,2017,Sep-2017,201709,3,Q3-2017,9,September,Sep,39,273,30,7,Saturday,Sat,60.8,30-09-2017,0,0,460
2017-10-01,1102017,1667.8107,197,306.65994,365386,1102017,01-10-17,2017,Oct-2017,201710,4,Q4-2017,10,October,Oct,40,274,1,1,Sunday,Sun,59,01-10-2017,1,0,461
2017-10-01,1102017,5469065,447914,904253.3,270147,1102017,01-10-17,2017,Oct-2017,201710,4,Q4-2017,10,October,Oct,40,274,1,1,Sunday,Sun,59,01-10-2017,0,0,462
2017-10-02,2102017,4514449,433298,840791.94,272155,2102017,02-10-17,2017,Oct-2017,201710,4,Q4-2017,10,October,Oct,40,275,2,2,Monday,Mon,62.6,02-10-2017,0,0,463
2017-10-03,3102017,4852873,477598,862043.8,299550,3102017,03-10-17,2017,Oct-2017,201710,4,Q4-2017,10,October,Oct,40,276,3,3,Tuesday,Tue,64.4,03-10-2017,1,0,464
2017-10-04,4102017,5240975,494826,906696,311790,4102017,04-10-17,2017,Oct-2017,201710,4,Q4-2017,10,October,Oct,40,277,4,4,Wednesday,Wed,66.2,04-10-2017,0,0,465
2017-10-05,5102017,5587945.5,532905,980085.25,332236,5102017,05-10-17,2017,Oct-2017,201710,4,Q4-2017,10,October,Oct,40,278,5,5,Thursday,Thu,73.4,05-10-2017,0,0,466
2017-10-06,6102017,5613737.5,533085,986057.2,328205,6102017,06-10-17,2017,Oct-2017,201710,4,Q4-2017,10,October,Oct,40,279,6,6,Friday,Fri,75.2,06-10-2017,1,0,467
2017-10-07,7102017,5063629.5,543166,929875.1,320982,7102017,07-10-17,2017,Oct-2017,201710,4,Q4-2017,10,October,Oct,40,280,7,7,Saturday,Sat,73.4,07-10-2017,0,0,468
2017-10-08,8102017,4665971,467933,906521.9,278170,8102017,08-10-17,2017,Oct-2017,201710,4,Q4-2017,10,October,Oct,41,281,8,1,Sunday,Sun,75.2,08-10-2017,0,0,469
2017-10-09,9102017,4168743,415660,819519,255822,9102017,09-10-17,2017,Oct-2017,201710,4,Q4-2017,10,October,Oct,41,282,9,2,Monday,Mon,73.4,09-10-2017,0,0,470
2017-10-10,10102017,5688616,494785,940079.75,309297,10102017,10-10-17,2017,Oct-2017,201710,4,Q4-2017,10,October,Oct,41,283,10,3,Tuesday,Tue,73.4,10-10-2017,0,0,471
2017-10-11,11102017,5389196.5,510493,928890.94,319216,11102017,11-10-17,2017,Oct-2017,201710,4,Q4-2017,10,October,Oct,41,284,11,4,Wednesday,Wed,69.8,11-10-2017,0,0,472
2017-10-12,12102017,5743011,544872,1001811.3,340987,12102017,12-10-17,2017,Oct-2017,201710,4,Q4-2017,10,October,Oct,41,285,12,5,Thursday,Thu,60.8,12-10-2017,0,0,473
2017-10-13,13102017,5638072,538402,990937.5,333359,13102017,13-10-17,2017,Oct-2017,201710,4,Q4-2017,10,October,Oct,41,286,13,6,Friday,Fri,60.8,13-10-2017,0,0,474
2017-10-14,14102017,5099065,562390,947066.8,333101,14102017,14-10-17,2017,Oct-2017,201710,4,Q4-2017,10,October,Oct,41,287,14,7,Saturday,Sat,66.2,14-10-2017,1,0,475
2017-10-15,15102017,4790997,485576,959392.25,290563,15102017,15-10-17,2017,Oct-2017,201710,4,Q4-2017,10,October,Oct,42,288,15,1,Sunday,Sun,69.8,15-10-2017,1,0,476
2017-10-16,16102017,5088199.5,487721,934563.44,304552,16102017,16-10-17,2017,Oct-2017,201710,4,Q4-2017,10,October,Oct,42,289,16,2,Monday,Mon,57.2,16-10-2017,0,0,477
2017-10-17,17102017,5220999,506216,911280.8,315947,17102017,17-10-17,2017,Oct-2017,201710,4,Q4-2017,10,October,Oct,42,290,17,3,Tuesday,Tue,50,17-10-2017,0,0,478
2017-10-18,18102017,5444111,516288,946680.2,323374,18102017,18-10-17,2017,Oct-2017,201710,4,Q4-2017,10,October,Oct,42,291,18,4,Wednesday,Wed,60.8,18-10-2017,0,0,479
2017-10-19,19102017,5722483.5,522387,981979,326822,19102017,19-10-17,2017,Oct-2017,201710,4,Q4-2017,10,October,Oct,42,292,19,5,Thursday,Thu,64.4,19-10-2017,0,0,480
2017-10-20,20102017,5746517,540873,1003932.06,334314,20102017,20-10-17,2017,Oct-2017,201710,4,Q4-2017,10,October,Oct,42,293,20,6,Friday,Fri,64.4,20-10-2017,0,0,481
2017-10-21,21102017,5132554.5,559144,946960.7,330908,21102017,21-10-17,2017,Oct-2017,201710,4,Q4-2017,10,October,Oct,42,294,21,7,Saturday,Sat,66.2,21-10-2017,0,0,482
2017-10-22,22102017,4690629,474696,949056.8,284433,22102017,22-10-17,2017,Oct-2017,201710,4,Q4-2017,10,October,Oct,43,295,22,1,Sunday,Sun,66.2,22-10-2017,0,0,483
2017-10-23,23102017,4827548.5,458572,897330.5,287164,23102017,23-10-17,2017,Oct-2017,201710,4,Q4-2017,10,October,Oct,43,296,23,2,Monday,Mon,68,23-10-2017,0,0,484
2017-10-24,24102017,4949195.5,491374,852789,308695,24102017,24-10-17,2017,Oct-2017,201710,4,Q4-2017,10,October,Oct,43,297,24,3,Tuesday,Tue,69.8,24-10-2017,0,0,485
2017-10-25,25102017,5542014.5,520012,969602.1,326215,25102017,25-10-17,2017,Oct-2017,201710,4,Q4-2017,10,October,Oct,43,298,25,4,Wednesday,Wed,62.6,25-10-2017,0,0,486
2017-10-26,26102017,5919271.5,548012,1007900.8,341945,26102017,26-10-17,2017,Oct-2017,201710,4,Q4-2017,10,October,Oct,43,299,26,5,Thursday,Thu,55.4,26-10-2017,0,0,487
2017-10-27,27102017,5892085,559118,1021397.1,345546,27102017,27-10-17,2017,Oct-2017,201710,4,Q4-2017,10,October,Oct,43,300,27,6,Friday,Fri,55.4,27-10-2017,1,0,488
2017-10-28,28102017,5304546.5,583065,964394.8,346555,28102017,28-10-17,2017,Oct-2017,201710,4,Q4-2017,10,October,Oct,43,301,28,7,Saturday,Sat,62.6,28-10-2017,1,0,489
2017-10-29,29102017,4720343.5,509956,909813.25,303606,29102017,29-10-17,2017,Oct-2017,201710,4,Q4-2017,10,October,Oct,44,302,29,1,Sunday,Sun,64.4,29-10-2017,0,0,490
2017-10-30,30102017,4766482,469406,869064.44,293904,30102017,30-10-17,2017,Oct-2017,201710,4,Q4-2017,10,October,Oct,44,303,30,2,Monday,Mon,53.6,30-10-2017,0,0,491
2017-10-31,31102017,3038.9426,371,579.4599,308936,31102017,31-10-17,2017,Oct-2017,201710,4,Q4-2017,10,October,Oct,44,304,31,3,Tuesday,Tue,51.8,31-10-2017,0,0,492
2017-10-31,31102017,4580095,466857,782717.4,290456,31102017,31-10-17,2017,Oct-2017,201710,4,Q4-2017,10,October,Oct,44,304,31,3,Tuesday,Tue,51.8,31-10-2017,0,0,493
2017-11-01,1112017,969.0396,118,188.73997,353213,1112017,01-11-17,2017,Nov-2017,201711,4,Q4-2017,11,November,Nov,44,305,1,4,Wednesday,Wed,51.8,01-11-2017,1,0,494
2017-11-01,1112017,5512118,520008,941267.44,326168,1112017,01-11-17,2017,Nov-2017,201711,4,Q4-2017,11,November,Nov,44,305,1,4,Wednesday,Wed,51.8,01-11-2017,0,0,495
2017-11-02,2112017,5623315,522769,967790.8,329117,2112017,02-11-17,2017,Nov-2017,201711,4,Q4-2017,11,November,Nov,44,306,2,5,Thursday,Thu,64.4,02-11-2017,0,0,496
2017-11-03,3112017,5796625,553522,994835.8,343182,3112017,03-11-17,2017,Nov-2017,201711,4,Q4-2017,11,November,Nov,44,307,3,6,Friday,Fri,62.6,03-11-2017,1,0,497
2017-11-04,4112017,5267811,587083,946701.8,350732,4112017,04-11-17,2017,Nov-2017,201711,4,Q4-2017,11,November,Nov,44,308,4,7,Saturday,Sat,51.8,04-11-2017,0,0,498
2017-11-05,5112017,4722557,486466,935199.06,291534,5112017,05-11-17,2017,Nov-2017,201711,4,Q4-2017,11,November,Nov,45,309,5,1,Sunday,Sun,55.4,05-11-2017,0,0,499
2017-11-06,6112017,5013198,471368,916522.25,294851,6112017,06-11-17,2017,Nov-2017,201711,4,Q4-2017,11,November,Nov,45,310,6,2,Monday,Mon,55.4,06-11-2017,0,0,500
2017-11-07,7112017,5156891,508476,881715.6,319458,7112017,07-11-17,2017,Nov-2017,201711,4,Q4-2017,11,November,Nov,45,311,7,3,Tuesday,Tue,44.6,07-11-2017,0,0,501
2017-11-08,8112017,5434295.5,513695,928592.75,325228,8112017,08-11-17,2017,Nov-2017,201711,4,Q4-2017,11,November,Nov,45,312,8,4,Wednesday,Wed,44.6,08-11-2017,0,0,502
2017-11-09,9112017,5880805.5,533470,994142.44,335879,9112017,09-11-17,2017,Nov-2017,201711,4,Q4-2017,11,November,Nov,45,313,9,5,Thursday,Thu,46.4,09-11-2017,0,0,503
2017-11-10,10112017,5832576.5,580424,999543.56,358515,10112017,10-11-17,2017,Nov-2017,201711,4,Q4-2017,11,November,Nov,45,314,10,6,Friday,Fri,37.4,10-11-2017,0,0,504
2017-11-11,11112017,5156820,542268,892281.9,324990,11112017,11-11-17,2017,Nov-2017,201711,4,Q4-2017,11,November,Nov,45,315,11,7,Saturday,Sat,30.2,11-11-2017,0,0,505
2017-11-12,12112017,4790127,488209,945812.9,294128,12112017,12-11-17,2017,Nov-2017,201711,4,Q4-2017,11,November,Nov,46,316,12,1,Sunday,Sun,39.2,12-11-2017,0,0,506
2017-11-13,13112017,4982386.5,470839,892421,297754,13112017,13-11-17,2017,Nov-2017,201711,4,Q4-2017,11,November,Nov,46,317,13,2,Monday,Mon,42.8,13-11-2017,0,0,507
2017-11-14,14112017,5250020.5,500440,904306.75,316873,14112017,14-11-17,2017,Nov-2017,201711,4,Q4-2017,11,November,Nov,46,318,14,3,Tuesday,Tue,42.8,14-11-2017,0,0,508
2017-11-15,15112017,5600241.5,518645,954296.1,328116,15112017,15-11-17,2017,Nov-2017,201711,4,Q4-2017,11,November,Nov,46,319,15,4,Wednesday,Wed,44.6,15-11-2017,0,0,509
2017-11-16,16112017,5817568.5,543216,992779.1,341149,16112017,16-11-17,2017,Nov-2017,201711,4,Q4-2017,11,November,Nov,46,320,16,5,Thursday,Thu,50,16-11-2017,0,0,510
2017-11-17,17112017,5838088,562028,1007614.2,348803,17112017,17-11-17,2017,Nov-2017,201711,4,Q4-2017,11,November,Nov,46,321,17,6,Friday,Fri,42.8,17-11-2017,0,0,511
2017-11-18,18112017,5290664,571564,941625.8,341234,18112017,18-11-17,2017,Nov-2017,201711,4,Q4-2017,11,November,Nov,46,322,18,7,Saturday,Sat,44.6,18-11-2017,0,0,512
2017-11-19,19112017,4614198,490083,899460.9,294006,19112017,19-11-17,2017,Nov-2017,201711,4,Q4-2017,11,November,Nov,47,323,19,1,Sunday,Sun,48.2,19-11-2017,1,0,513
2017-11-20,20112017,4649577,465268,812563.5,291762,20112017,20-11-17,2017,Nov-2017,201711,4,Q4-2017,11,November,Nov,47,324,20,2,Monday,Mon,42.8,20-11-2017,0,0,514
2017-11-21,21112017,4967004.5,479384,837384.2,299517,21112017,21-11-17,2017,Nov-2017,201711,4,Q4-2017,11,November,Nov,47,325,21,3,Tuesday,Tue,50,21-11-2017,0,0,515
2017-11-22,22112017,4715588.5,479875,798264.44,292014,22112017,22-11-17,2017,Nov-2017,201711,4,Q4-2017,11,November,Nov,47,326,22,4,Wednesday,Wed,46.4,22-11-2017,0,0,516
2017-11-23,23112017,2828696.5,326238,584273.1,190132,23112017,23-11-17,2017,Nov-2017,201711,4,Q4-2017,11,November,Nov,47,327,23,5,Thursday,Thu,37.4,23-11-2017,1,0,517
2017-11-24,24112017,3070217.5,365269,582737.7,213829,24112017,24-11-17,2017,Nov-2017,201711,4,Q4-2017,11,November,Nov,47,328,24,6,Friday,Fri,42.8,24-11-2017,1,0,518
2017-11-25,25112017,3957523.5,436371,777357.4,255122,25112017,25-11-17,2017,Nov-2017,201711,4,Q4-2017,11,November,Nov,47,329,25,7,Saturday,Sat,50,25-11-2017,0,0,519
2017-11-26,26112017,4121061,413634,845951.06,247966,26112017,26-11-17,2017,Nov-2017,201711,4,Q4-2017,11,November,Nov,48,330,26,1,Sunday,Sun,46.4,26-11-2017,0,0,520
2017-11-27,27112017,4628389.5,433716,858472.2,273799,27112017,27-11-17,2017,Nov-2017,201711,4,Q4-2017,11,November,Nov,48,331,27,2,Monday,Mon,44.6,27-11-2017,0,0,521
2017-11-28,28112017,4961905,474349,872492.94,298610,28112017,28-11-17,2017,Nov-2017,201711,4,Q4-2017,11,November,Nov,48,332,28,3,Tuesday,Tue,44.6,28-11-2017,0,0,522
2017-11-29,29112017,5140529.5,487656,875875,307350,29112017,29-11-17,2017,Nov-2017,201711,4,Q4-2017,11,November,Nov,48,333,29,4,Wednesday,Wed,53.6,29-11-2017,0,0,523
2017-11-30,30112017,5672722,533761,967793.6,334987,30112017,30-11-17,2017,Nov-2017,201711,4,Q4-2017,11,November,Nov,48,334,30,5,Thursday,Thu,46.4,30-11-2017,0,0,524
2017-11-30,30112017,4117.623,525,843.3698,335131,30112017,30-11-17,2017,Nov-2017,201711,4,Q4-2017,11,November,Nov,48,334,30,5,Thursday,Thu,46.4,30-11-2017,0,0,525
2017-12-01,1122017,1571.5203,172,340.25003,362531,1122017,01-12-17,2017,Dec-2017,201712,4,Q4-2017,12,December,Dec,48,335,1,6,Friday,Fri,46.4,01-12-2017,0,0,526
2017-12-01,1122017,5853434.5,564476,996467.8,348847,1122017,01-12-17,2017,Dec-2017,201712,4,Q4-2017,12,December,Dec,48,335,1,6,Friday,Fri,46.4,01-12-2017,1,0,527
2017-12-02,2122017,49.87,1,11.44,387485,2122017,02-12-17,2017,Dec-2017,201712,4,Q4-2017,12,December,Dec,48,336,2,7,Saturday,Sat,44.6,02-12-2017,1,0,528
2017-12-02,2122017,5316896.5,581318,928043.06,345350,2122017,02-12-17,2017,Dec-2017,201712,4,Q4-2017,12,December,Dec,48,336,2,7,Saturday,Sat,44.6,02-12-2017,0,0,529
2017-12-03,3122017,4839776.5,498217,944609.7,296305,3122017,03-12-17,2017,Dec-2017,201712,4,Q4-2017,12,December,Dec,49,337,3,1,Sunday,Sun,44.6,03-12-2017,0,0,530
2017-12-04,4122017,4954749.5,474043,887252.56,296072,4122017,04-12-17,2017,Dec-2017,201712,4,Q4-2017,12,December,Dec,49,338,4,2,Monday,Mon,46.4,04-12-2017,0,0,531
2017-12-05,5122017,5485198,520946,917120.1,326391,5122017,05-12-17,2017,Dec-2017,201712,4,Q4-2017,12,December,Dec,49,339,5,3,Tuesday,Tue,55.4,05-12-2017,0,0,532
2017-12-06,6122017,5858047,542815,987548.6,341859,6122017,06-12-17,2017,Dec-2017,201712,4,Q4-2017,12,December,Dec,49,340,6,4,Wednesday,Wed,50,06-12-2017,1,0,533
2017-12-07,7122017,6128573.5,558906,1044222.3,349596,7122017,07-12-17,2017,Dec-2017,201712,4,Q4-2017,12,December,Dec,49,341,7,5,Thursday,Thu,41,07-12-2017,1,0,534
2017-12-08,8122017,6119536,580761,1036330.25,357302,8122017,08-12-17,2017,Dec-2017,201712,4,Q4-2017,12,December,Dec,49,342,8,6,Friday,Fri,37.4,08-12-2017,0,0,535
2017-12-09,9122017,5322000,604393,935858.7,355321,9122017,09-12-17,2017,Dec-2017,201712,4,Q4-2017,12,December,Dec,49,343,9,7,Saturday,Sat,33.8,09-12-2017,0,0,536
2017-12-10,10122017,4796843,501081,933332.25,298867,10122017,10-12-17,2017,Dec-2017,201712,4,Q4-2017,12,December,Dec,50,344,10,1,Sunday,Sun,33.8,10-12-2017,0,0,537
2017-12-11,11122017,5175421.5,488145,945525.1,306444,11122017,11-12-17,2017,Dec-2017,201712,4,Q4-2017,12,December,Dec,50,345,11,2,Monday,Mon,37.4,11-12-2017,0,0,538
2017-12-12,12122017,5436983,519662,917912.7,325288,12122017,12-12-17,2017,Dec-2017,201712,4,Q4-2017,12,December,Dec,50,346,12,3,Tuesday,Tue,39.2,12-12-2017,0,1,539
2017-12-13,13122017,5902147.5,559542,975653.75,352642,13122017,13-12-17,2017,Dec-2017,201712,4,Q4-2017,12,December,Dec,50,347,13,4,Wednesday,Wed,26.6,13-12-2017,1,0,540
2017-12-14,14122017,6076605.5,552583,1003202.3,346835,14122017,14-12-17,2017,Dec-2017,201712,4,Q4-2017,12,December,Dec,50,348,14,5,Thursday,Thu,26.6,14-12-2017,0,0,541
2017-12-15,15122017,6117355.5,578492,1031029.4,357432,15122017,15-12-17,2017,Dec-2017,201712,4,Q4-2017,12,December,Dec,50,349,15,6,Friday,Fri,24.8,15-12-2017,0,0,542
2017-12-16,16122017,5574772,609050,998583.25,360164,16122017,16-12-17,2017,Dec-2017,201712,4,Q4-2017,12,December,Dec,50,350,16,7,Saturday,Sat,30.2,16-12-2017,0,0,543
2017-12-17,17122017,4848707,518639,924299.7,309233,17122017,17-12-17,2017,Dec-2017,201712,4,Q4-2017,12,December,Dec,51,351,17,1,Sunday,Sun,35.6,17-12-2017,0,0,544
2017-12-18,18122017,4788873,479802,852556.25,298424,18122017,18-12-17,2017,Dec-2017,201712,4,Q4-2017,12,December,Dec,51,352,18,2,Monday,Mon,41,18-12-2017,1,1,545
2017-12-19,19122017,5159478,513498,884352.2,320405,19122017,19-12-17,2017,Dec-2017,201712,4,Q4-2017,12,December,Dec,51,353,19,3,Tuesday,Tue,50,19-12-2017,0,0,546
2017-12-20,20122017,5404474.5,546487,923357.75,339966,20122017,20-12-17,2017,Dec-2017,201712,4,Q4-2017,12,December,Dec,51,354,20,4,Wednesday,Wed,42.8,20-12-2017,0,0,547
2017-12-21,21122017,5805074.5,546660,928606.2,339165,21122017,21-12-17,2017,Dec-2017,201712,4,Q4-2017,12,December,Dec,51,355,21,5,Thursday,Thu,35.6,21-12-2017,0,0,548
2017-12-22,22122017,4791032,505868,859180.25,308135,22122017,22-12-17,2017,Dec-2017,201712,4,Q4-2017,12,December,Dec,51,356,22,6,Friday,Fri,42.8,22-12-2017,0,0,549
2017-12-23,23122017,38.3,1,11.98,313264,23122017,23-12-17,2017,Dec-2017,201712,4,Q4-2017,12,December,Dec,51,357,23,7,Saturday,Sat,42.8,23-12-2017,0,0,550
2017-12-23,23122017,3684784.8,434122,705600.9,256029,23122017,23-12-17,2017,Dec-2017,201712,4,Q4-2017,12,December,Dec,51,357,23,7,Saturday,Sat,42.8,23-12-2017,0,0,551
2017-12-24,24122017,2868040.2,352640,566246.5,206212,24122017,24-12-17,2017,Dec-2017,201712,4,Q4-2017,12,December,Dec,52,358,24,1,Sunday,Sun,39.2,24-12-2017,1,0,552
2017-12-25,25122017,2222105.2,257009,471129.88,147542,25122017,25-12-17,2017,Dec-2017,201712,4,Q4-2017,12,December,Dec,52,359,25,2,Monday,Mon,33.8,25-12-2017,0,0,553
2017-12-26,26122017,3397246.5,372312,648016.75,217646,26122017,26-12-17,2017,Dec-2017,201712,4,Q4-2017,12,December,Dec,52,360,26,3,Tuesday,Tue,26.6,26-12-2017,0,0,554
2017-12-27,27122017,4012410,421400,721065.5,250094,27122017,27-12-17,2017,Dec-2017,201712,4,Q4-2017,12,December,Dec,52,361,27,4,Wednesday,Wed,21.2,27-12-2017,0,0,555
2017-12-28,28122017,4191081,458224,746467.25,271730,28122017,28-12-17,2017,Dec-2017,201712,4,Q4-2017,12,December,Dec,52,362,28,5,Thursday,Thu,15.8,28-12-2017,0,0,556
2017-12-29,29122017,4168117,456692,759468.6,271224,29122017,29-12-17,2017,Dec-2017,201712,4,Q4-2017,12,December,Dec,52,363,29,6,Friday,Fri,17.6,29-12-2017,1,0,557
2017-12-30,30122017,3608804.5,414670,704848.1,241194,30122017,30-12-17,2017,Dec-2017,201712,4,Q4-2017,12,December,Dec,52,364,30,7,Saturday,Sat,19.4,30-12-2017,0,0,558
2017-12-31,31122017,3455648.8,409087,678194.75,241249,31122017,31-12-17,2017,Dec-2017,201712,4,Q4-2017,12,December,Dec,53,365,31,1,Sunday,Sun,15.8,31-12-2017,0,0,559